ml_review_id,item_id,confidence,product_id,product_name,product_url,customer_name,customer_email,rating,title,comment,status,verified_purchase,created_at,image_urls
3066337046,MLA841760008,high,353605686,Boxer Lupo Microfibra Sin Costuras,https://multilupo.com.ar/productos/boxer-lupo-microfibra-sin-costuras-modelo-671-003/,Cliente Mercado Libre,ml-review-3066337046@import.lupo.local,5,Excelente,"Excelente. Exelente calidad , muy buenos.",approved,True,2026-08-11T19:36:43Z,[]
3034273246,MLA841760008,high,353605686,Boxer Lupo Microfibra Sin Costuras,https://multilupo.com.ar/productos/boxer-lupo-microfibra-sin-costuras-modelo-671-003/,Cliente Mercado Libre,ml-review-3034273246@import.lupo.local,4,Muy bueno,"Muy bueno. Tela: suave y elástico. Calce: súper cómodo, me fue bien el talle g para mí que mido 1. 70 y peso 85 kg. Compra sin problemas.",approved,True,2026-07-24T15:34:08Z,[]
2969397275,MLA841760008,high,353605686,Boxer Lupo Microfibra Sin Costuras,https://multilupo.com.ar/productos/boxer-lupo-microfibra-sin-costuras-modelo-671-003/,Cliente Mercado Libre,ml-review-2969397275@import.lupo.local,5,Excelente,Excelente. Son excelentes. Mi marido los ama.,approved,True,2026-06-22T20:11:51Z,[]
2973480768,MLA841760008,high,353605686,Boxer Lupo Microfibra Sin Costuras,https://multilupo.com.ar/productos/boxer-lupo-microfibra-sin-costuras-modelo-671-003/,Cliente Mercado Libre,ml-review-2973480768@import.lupo.local,5,Excelente,Excelente. Sexi.,approved,True,2026-06-18T22:02:34Z,[]
2956432960,MLA841760008,high,353605686,Boxer Lupo Microfibra Sin Costuras,https://multilupo.com.ar/productos/boxer-lupo-microfibra-sin-costuras-modelo-671-003/,Cliente Mercado Libre,ml-review-2956432960@import.lupo.local,5,Excelente,"Excelente. Exactamente como en la foto, buen producto.",approved,True,2026-06-09T11:57:23Z,[]
84354398,MLA858191538,high,198580021,Medias Lupo Running-fitness Dry Fit 3360 Pack x4,https://multilupo.com.ar/productos/media-lupo-running-fitness-dry-fit-mod-3360-pack-x-4/,Cliente Mercado Libre,ml-review-84354398@import.lupo.local,5,Muy buena,"Muy buena. Muy buena calidad e precio,realmente no pasa la transpiración,el pie queda sequito!.",approved,True,2020-11-04T12:45:07Z,[]
2688525498,MLA858191538,high,198580021,Medias Lupo Running-fitness Dry Fit 3360 Pack x4,https://multilupo.com.ar/productos/media-lupo-running-fitness-dry-fit-mod-3360-pack-x-4/,Cliente Mercado Libre,ml-review-2688525498@import.lupo.local,5,Excelente,Excelente. Excelente.,approved,True,2026-01-17T12:19:44Z,[]
3051408443,MLA858191538,high,198580021,Medias Lupo Running-fitness Dry Fit 3360 Pack x4,https://multilupo.com.ar/productos/media-lupo-running-fitness-dry-fit-mod-3360-pack-x-4/,Cliente Mercado Libre,ml-review-3051408443@import.lupo.local,5,Excelente,Excelente. Me encanto!.,approved,True,2026-08-09T19:15:35Z,[]
2619999451,MLA858191538,high,198580021,Medias Lupo Running-fitness Dry Fit 3360 Pack x4,https://multilupo.com.ar/productos/media-lupo-running-fitness-dry-fit-mod-3360-pack-x-4/,Cliente Mercado Libre,ml-review-2619999451@import.lupo.local,5,Excelente,Excelente. Secan rpido y son buena calidad.,approved,True,2025-12-20T21:42:05Z,[]
2572012243,MLA858191538,high,198580021,Medias Lupo Running-fitness Dry Fit 3360 Pack x4,https://multilupo.com.ar/productos/media-lupo-running-fitness-dry-fit-mod-3360-pack-x-4/,Cliente Mercado Libre,ml-review-2572012243@import.lupo.local,5,Excelente,Excelente. Muy buenas y absorventes.,approved,True,2025-12-05T03:19:57Z,[]
2588391556,MLA1371135180,high,198441668,Bombacha Lupo de Algodón,https://multilupo.com.ar/productos/bombacha-algodon-lupo-40351/,Cliente Mercado Libre,ml-review-2588391556@import.lupo.local,5,Excelente,"Excelente. El producto es excelente, tanto en su concepto como confección.",approved,True,2025-12-08T13:45:33Z,[]
1681197049,MLA1371135180,high,198441668,Bombacha Lupo de Algodón,https://multilupo.com.ar/productos/bombacha-algodon-lupo-40351/,Cliente Mercado Libre,ml-review-1681197049@import.lupo.local,5,Excelente,"Excelente. Excelente calidad, tela súper suave al tacto. M gustó mucho, lo volvería a comprar.",approved,True,2024-12-08T22:33:01Z,[]
981533885,MLA1371135180,high,198441668,Bombacha Lupo de Algodón,https://multilupo.com.ar/productos/bombacha-algodon-lupo-40351/,Cliente Mercado Libre,ml-review-981533885@import.lupo.local,5,Excelente,Excelente. Excelente calidad.,approved,True,2024-02-05T12:34:28Z,[]
2932453738,MLA767951057,high,239449810,Vedetina Lupo Algodón Pack x2 40354-01 Mujer,https://multilupo.com.ar/productos/vedetina-algodon-lupo-40354-pack-por-2-unidades/,Cliente Mercado Libre,ml-review-2932453738@import.lupo.local,5,Excelente,Excelente. Muy cómodas. Al primer lavado quedaron como las recibí.,approved,True,2026-05-28T11:44:05Z,[]
2674644812,MLA767951057,high,239449810,Vedetina Lupo Algodón Pack x2 40354-01 Mujer,https://multilupo.com.ar/productos/vedetina-algodon-lupo-40354-pack-por-2-unidades/,Cliente Mercado Libre,ml-review-2674644812@import.lupo.local,5,Excelente,Excelente. La calidad es excelente. Material un 10. Talla correcta.,approved,True,2026-01-11T12:44:30Z,[]
1476469355,MLA1423140364,high,198442636,Slip Lupo Algodón Talles Plus 554-03,https://multilupo.com.ar/productos/slip-algodon-lupo-modelo-554-02-talles-grandes-hasta-xxxl/,Cliente Mercado Libre,ml-review-1476469355@import.lupo.local,5,Excelente,"Excelente. El talle esta bien, pero para mi el tiro es corto, no todos los gordos somos iguales, parezco plomero, ando mostrando la raya.",approved,True,2024-09-14T12:06:04Z,[]
980084764,MLA1423140364,high,198442636,Slip Lupo Algodón Talles Plus 554-03,https://multilupo.com.ar/productos/slip-algodon-lupo-modelo-554-02-talles-grandes-hasta-xxxl/,Cliente Mercado Libre,ml-review-980084764@import.lupo.local,5,Excelente,Excelente. Genial.,approved,True,2024-02-03T14:16:24Z,[]
3058698814,MLA2506644200,high,303580067,Corpiño Lupo Microfibra Deportivo Sin Costuras Taza Soft Removible,https://multilupo.com.ar/productos/corpino-deportivo-sin-costuras-con-taza-soft-removible-lupo-41902-muhov/,Cliente Mercado Libre,ml-review-3058698814@import.lupo.local,5,Excelente,"Excelente. Me gusto, muy comodo.",approved,True,2026-08-07T15:59:13Z,[]
2983307575,MLA2506644200,high,303580067,Corpiño Lupo Microfibra Deportivo Sin Costuras Taza Soft Removible,https://multilupo.com.ar/productos/corpino-deportivo-sin-costuras-con-taza-soft-removible-lupo-41902-muhov/,Cliente Mercado Libre,ml-review-2983307575@import.lupo.local,5,Excelente,Excelente. Simple cómodo.,approved,True,2026-07-01T15:34:42Z,[]
2728662739,MLA661780359,high,198443955,Boxer Largo Lupo Bermuda Micromodal Sin Costuras Hombre,https://multilupo.com.ar/productos/boxer-largo-bermuda-lupo-mod-674-micromodal-sin-costuras/,Cliente Mercado Libre,ml-review-2728662739@import.lupo.local,5,Excelente,"Excelente. Son los únicos boxer que uso! son súper duraderos, cómodos, no molestas, no se bajan , no se suben, no aprietan, no se corren, no dan calor demás, para actividades deportivas o mirar netflix.",approved,True,2026-02-11T00:52:56Z,[]
950644793,MLA661780359,high,198443955,Boxer Largo Lupo Bermuda Micromodal Sin Costuras Hombre,https://multilupo.com.ar/productos/boxer-largo-bermuda-lupo-mod-674-micromodal-sin-costuras/,Cliente Mercado Libre,ml-review-950644793@import.lupo.local,5,Excelente,"Excelente. Lo que conocen lupo, metalen con confianza.",approved,True,2024-01-21T20:16:58Z,[]
2748205005,MLA661780359,high,198443955,Boxer Largo Lupo Bermuda Micromodal Sin Costuras Hombre,https://multilupo.com.ar/productos/boxer-largo-bermuda-lupo-mod-674-micromodal-sin-costuras/,Cliente Mercado Libre,ml-review-2748205005@import.lupo.local,5,Excelente,Excelente. Esta marca siempre tiene muy buena calidad el talle se condice y son muy cómodos y durablesesta marca siempre tiene muy buena calidad el talle se condice y son muy cómodos y durables.,approved,True,2026-02-21T10:00:25Z,[]
2508800808,MLA661780359,high,198443955,Boxer Largo Lupo Bermuda Micromodal Sin Costuras Hombre,https://multilupo.com.ar/productos/boxer-largo-bermuda-lupo-mod-674-micromodal-sin-costuras/,Cliente Mercado Libre,ml-review-2508800808@import.lupo.local,5,Excelente,Excelente. Muy cómodos y no molesta nada.,approved,True,2025-11-13T01:02:46Z,[]
3071107461,MLA661780359,high,198443955,Boxer Largo Lupo Bermuda Micromodal Sin Costuras Hombre,https://multilupo.com.ar/productos/boxer-largo-bermuda-lupo-mod-674-micromodal-sin-costuras/,Cliente Mercado Libre,ml-review-3071107461@import.lupo.local,5,Excelente,Excelente. Son muy cómodos e imperceptibles a la piel.,approved,True,2026-08-19T11:02:08Z,[]
13414616,MLA663184844,high,353605686,Boxer Lupo Microfibra Sin Costuras,https://multilupo.com.ar/productos/boxer-lupo-microfibra-sin-costuras-modelo-671-003/,Cliente Mercado Libre,ml-review-13414616@import.lupo.local,5,Excelente,"Excelente. Muy buen producto, conocia la confeccion con anterioridad y es muy b uen producto.",approved,True,2017-09-04T08:06:57Z,[]
2861920886,MLA663184844,high,353605686,Boxer Lupo Microfibra Sin Costuras,https://multilupo.com.ar/productos/boxer-lupo-microfibra-sin-costuras-modelo-671-003/,Cliente Mercado Libre,ml-review-2861920886@import.lupo.local,5,Excelente,Excelente. Tela: buena. Calce: bueno. Bueno.,approved,True,2026-04-21T04:16:14Z,[]
3059830613,MLA663184844,high,353605686,Boxer Lupo Microfibra Sin Costuras,https://multilupo.com.ar/productos/boxer-lupo-microfibra-sin-costuras-modelo-671-003/,Cliente Mercado Libre,ml-review-3059830613@import.lupo.local,5,Excelente,"Excelente. Tela: suave, de calidad. Calce: muy comodo. Seguiré comprando este producto, muy bueno.",approved,True,2026-08-13T16:25:54Z,[]
2951633341,MLA663184844,high,353605686,Boxer Lupo Microfibra Sin Costuras,https://multilupo.com.ar/productos/boxer-lupo-microfibra-sin-costuras-modelo-671-003/,Cliente Mercado Libre,ml-review-2951633341@import.lupo.local,5,Excelente,Excelente. Excelente calidad.,approved,True,2026-06-12T01:17:31Z,[]
2941458166,MLA663184844,high,353605686,Boxer Lupo Microfibra Sin Costuras,https://multilupo.com.ar/productos/boxer-lupo-microfibra-sin-costuras-modelo-671-003/,Cliente Mercado Libre,ml-review-2941458166@import.lupo.local,4,Muy bueno,Muy bueno. Buen producto. Como lo esperaba.,approved,True,2026-06-01T19:29:19Z,[]
731010691,MLA674490127,high,198569282,Bermuda Lupo Antiroce Microfibra,https://multilupo.com.ar/productos/bermuda-antiroce-microfibra-lupo-art-41805/,Cliente Mercado Libre,ml-review-731010691@import.lupo.local,5,Excelente,Excelente. Tengo 117 de cadera y me quedo un m. Son suaves y resacas. No se. Mueven. Las. Amo.,approved,True,2023-10-18T19:24:43Z,[]
94186009,MLA674490127,high,198569282,Bermuda Lupo Antiroce Microfibra,https://multilupo.com.ar/productos/bermuda-antiroce-microfibra-lupo-art-41805/,Cliente Mercado Libre,ml-review-94186009@import.lupo.local,5,Excelente,"Excelente. Es muy cómodo y genial. Es perfecto para el uso, debajo de vestidos.",approved,True,2021-01-28T05:57:36Z,[]
1487176484,MLA674490127,high,198569282,Bermuda Lupo Antiroce Microfibra,https://multilupo.com.ar/productos/bermuda-antiroce-microfibra-lupo-art-41805/,Cliente Mercado Libre,ml-review-1487176484@import.lupo.local,5,Excelente,"Excelente. Me encantó, divino.",approved,True,2024-09-17T14:17:17Z,[]
2703573732,MLA674490127,high,198569282,Bermuda Lupo Antiroce Microfibra,https://multilupo.com.ar/productos/bermuda-antiroce-microfibra-lupo-art-41805/,Cliente Mercado Libre,ml-review-2703573732@import.lupo.local,5,Excelente,Excelente. Hace muchos años que los uso no es fácil conseguirlos. Por suerte esta la tienda oficial que te atiende super bien. Son muy cómodos ajustan pero no aprietan y duran años.,approved,True,2026-01-24T00:14:01Z,[]
3050135800,MLA674490127,high,198569282,Bermuda Lupo Antiroce Microfibra,https://multilupo.com.ar/productos/bermuda-antiroce-microfibra-lupo-art-41805/,Cliente Mercado Libre,ml-review-3050135800@import.lupo.local,5,Excelente,Excelente. Muy buena calidad. Es sumamente cómodo no se enrrolla para nada.,approved,True,2026-08-03T10:42:25Z,[]
731010691,MLA1789701607,high,198569282,Bermuda Lupo Antiroce Microfibra,https://multilupo.com.ar/productos/bermuda-antiroce-microfibra-lupo-art-41805/,Cliente Mercado Libre,ml-review-731010691@import.lupo.local,5,Excelente,Excelente. Tengo 117 de cadera y me quedo un m. Son suaves y resacas. No se. Mueven. Las. Amo.,approved,True,2023-10-18T19:24:43Z,[]
94186009,MLA1789701607,high,198569282,Bermuda Lupo Antiroce Microfibra,https://multilupo.com.ar/productos/bermuda-antiroce-microfibra-lupo-art-41805/,Cliente Mercado Libre,ml-review-94186009@import.lupo.local,5,Excelente,"Excelente. Es muy cómodo y genial. Es perfecto para el uso, debajo de vestidos.",approved,True,2021-01-28T05:57:36Z,[]
1487176484,MLA1789701607,high,198569282,Bermuda Lupo Antiroce Microfibra,https://multilupo.com.ar/productos/bermuda-antiroce-microfibra-lupo-art-41805/,Cliente Mercado Libre,ml-review-1487176484@import.lupo.local,5,Excelente,"Excelente. Me encantó, divino.",approved,True,2024-09-17T14:17:17Z,[]
2703573732,MLA1789701607,high,198569282,Bermuda Lupo Antiroce Microfibra,https://multilupo.com.ar/productos/bermuda-antiroce-microfibra-lupo-art-41805/,Cliente Mercado Libre,ml-review-2703573732@import.lupo.local,5,Excelente,Excelente. Hace muchos años que los uso no es fácil conseguirlos. Por suerte esta la tienda oficial que te atiende super bien. Son muy cómodos ajustan pero no aprietan y duran años.,approved,True,2026-01-24T00:14:01Z,[]
3050135800,MLA1789701607,high,198569282,Bermuda Lupo Antiroce Microfibra,https://multilupo.com.ar/productos/bermuda-antiroce-microfibra-lupo-art-41805/,Cliente Mercado Libre,ml-review-3050135800@import.lupo.local,5,Excelente,Excelente. Muy buena calidad. Es sumamente cómodo no se enrrolla para nada.,approved,True,2026-08-03T10:42:25Z,[]
731010691,MLA1789701603,high,198569282,Bermuda Lupo Antiroce Microfibra,https://multilupo.com.ar/productos/bermuda-antiroce-microfibra-lupo-art-41805/,Cliente Mercado Libre,ml-review-731010691@import.lupo.local,5,Excelente,Excelente. Tengo 117 de cadera y me quedo un m. Son suaves y resacas. No se. Mueven. Las. Amo.,approved,True,2023-10-18T19:24:43Z,[]
94186009,MLA1789701603,high,198569282,Bermuda Lupo Antiroce Microfibra,https://multilupo.com.ar/productos/bermuda-antiroce-microfibra-lupo-art-41805/,Cliente Mercado Libre,ml-review-94186009@import.lupo.local,5,Excelente,"Excelente. Es muy cómodo y genial. Es perfecto para el uso, debajo de vestidos.",approved,True,2021-01-28T05:57:36Z,[]
1487176484,MLA1789701603,high,198569282,Bermuda Lupo Antiroce Microfibra,https://multilupo.com.ar/productos/bermuda-antiroce-microfibra-lupo-art-41805/,Cliente Mercado Libre,ml-review-1487176484@import.lupo.local,5,Excelente,"Excelente. Me encantó, divino.",approved,True,2024-09-17T14:17:17Z,[]
2703573732,MLA1789701603,high,198569282,Bermuda Lupo Antiroce Microfibra,https://multilupo.com.ar/productos/bermuda-antiroce-microfibra-lupo-art-41805/,Cliente Mercado Libre,ml-review-2703573732@import.lupo.local,5,Excelente,Excelente. Hace muchos años que los uso no es fácil conseguirlos. Por suerte esta la tienda oficial que te atiende super bien. Son muy cómodos ajustan pero no aprietan y duran años.,approved,True,2026-01-24T00:14:01Z,[]
3050135800,MLA1789701603,high,198569282,Bermuda Lupo Antiroce Microfibra,https://multilupo.com.ar/productos/bermuda-antiroce-microfibra-lupo-art-41805/,Cliente Mercado Libre,ml-review-3050135800@import.lupo.local,5,Excelente,Excelente. Muy buena calidad. Es sumamente cómodo no se enrrolla para nada.,approved,True,2026-08-03T10:42:25Z,[]
731010691,MLA3079518466,high,198569282,Bermuda Lupo Antiroce Microfibra,https://multilupo.com.ar/productos/bermuda-antiroce-microfibra-lupo-art-41805/,Cliente Mercado Libre,ml-review-731010691@import.lupo.local,5,Excelente,Excelente. Tengo 117 de cadera y me quedo un m. Son suaves y resacas. No se. Mueven. Las. Amo.,approved,True,2023-10-18T19:24:43Z,[]
94186009,MLA3079518466,high,198569282,Bermuda Lupo Antiroce Microfibra,https://multilupo.com.ar/productos/bermuda-antiroce-microfibra-lupo-art-41805/,Cliente Mercado Libre,ml-review-94186009@import.lupo.local,5,Excelente,"Excelente. Es muy cómodo y genial. Es perfecto para el uso, debajo de vestidos.",approved,True,2021-01-28T05:57:36Z,[]
1487176484,MLA3079518466,high,198569282,Bermuda Lupo Antiroce Microfibra,https://multilupo.com.ar/productos/bermuda-antiroce-microfibra-lupo-art-41805/,Cliente Mercado Libre,ml-review-1487176484@import.lupo.local,5,Excelente,"Excelente. Me encantó, divino.",approved,True,2024-09-17T14:17:17Z,[]
2703573732,MLA3079518466,high,198569282,Bermuda Lupo Antiroce Microfibra,https://multilupo.com.ar/productos/bermuda-antiroce-microfibra-lupo-art-41805/,Cliente Mercado Libre,ml-review-2703573732@import.lupo.local,5,Excelente,Excelente. Hace muchos años que los uso no es fácil conseguirlos. Por suerte esta la tienda oficial que te atiende super bien. Son muy cómodos ajustan pero no aprietan y duran años.,approved,True,2026-01-24T00:14:01Z,[]
3050135800,MLA3079518466,high,198569282,Bermuda Lupo Antiroce Microfibra,https://multilupo.com.ar/productos/bermuda-antiroce-microfibra-lupo-art-41805/,Cliente Mercado Libre,ml-review-3050135800@import.lupo.local,5,Excelente,Excelente. Muy buena calidad. Es sumamente cómodo no se enrrolla para nada.,approved,True,2026-08-03T10:42:25Z,[]
731010691,MLA1713433509,high,198569282,Bermuda Lupo Antiroce Microfibra,https://multilupo.com.ar/productos/bermuda-antiroce-microfibra-lupo-art-41805/,Cliente Mercado Libre,ml-review-731010691@import.lupo.local,5,Excelente,Excelente. Tengo 117 de cadera y me quedo un m. Son suaves y resacas. No se. Mueven. Las. Amo.,approved,True,2023-10-18T19:24:43Z,[]
94186009,MLA1713433509,high,198569282,Bermuda Lupo Antiroce Microfibra,https://multilupo.com.ar/productos/bermuda-antiroce-microfibra-lupo-art-41805/,Cliente Mercado Libre,ml-review-94186009@import.lupo.local,5,Excelente,"Excelente. Es muy cómodo y genial. Es perfecto para el uso, debajo de vestidos.",approved,True,2021-01-28T05:57:36Z,[]
1487176484,MLA1713433509,high,198569282,Bermuda Lupo Antiroce Microfibra,https://multilupo.com.ar/productos/bermuda-antiroce-microfibra-lupo-art-41805/,Cliente Mercado Libre,ml-review-1487176484@import.lupo.local,5,Excelente,"Excelente. Me encantó, divino.",approved,True,2024-09-17T14:17:17Z,[]
2703573732,MLA1713433509,high,198569282,Bermuda Lupo Antiroce Microfibra,https://multilupo.com.ar/productos/bermuda-antiroce-microfibra-lupo-art-41805/,Cliente Mercado Libre,ml-review-2703573732@import.lupo.local,5,Excelente,Excelente. Hace muchos años que los uso no es fácil conseguirlos. Por suerte esta la tienda oficial que te atiende super bien. Son muy cómodos ajustan pero no aprietan y duran años.,approved,True,2026-01-24T00:14:01Z,[]
3050135800,MLA1713433509,high,198569282,Bermuda Lupo Antiroce Microfibra,https://multilupo.com.ar/productos/bermuda-antiroce-microfibra-lupo-art-41805/,Cliente Mercado Libre,ml-review-3050135800@import.lupo.local,5,Excelente,Excelente. Muy buena calidad. Es sumamente cómodo no se enrrolla para nada.,approved,True,2026-08-03T10:42:25Z,[]
731010691,MLA3079518468,high,198569282,Bermuda Lupo Antiroce Microfibra,https://multilupo.com.ar/productos/bermuda-antiroce-microfibra-lupo-art-41805/,Cliente Mercado Libre,ml-review-731010691@import.lupo.local,5,Excelente,Excelente. Tengo 117 de cadera y me quedo un m. Son suaves y resacas. No se. Mueven. Las. Amo.,approved,True,2023-10-18T19:24:43Z,[]
94186009,MLA3079518468,high,198569282,Bermuda Lupo Antiroce Microfibra,https://multilupo.com.ar/productos/bermuda-antiroce-microfibra-lupo-art-41805/,Cliente Mercado Libre,ml-review-94186009@import.lupo.local,5,Excelente,"Excelente. Es muy cómodo y genial. Es perfecto para el uso, debajo de vestidos.",approved,True,2021-01-28T05:57:36Z,[]
1487176484,MLA3079518468,high,198569282,Bermuda Lupo Antiroce Microfibra,https://multilupo.com.ar/productos/bermuda-antiroce-microfibra-lupo-art-41805/,Cliente Mercado Libre,ml-review-1487176484@import.lupo.local,5,Excelente,"Excelente. Me encantó, divino.",approved,True,2024-09-17T14:17:17Z,[]
2703573732,MLA3079518468,high,198569282,Bermuda Lupo Antiroce Microfibra,https://multilupo.com.ar/productos/bermuda-antiroce-microfibra-lupo-art-41805/,Cliente Mercado Libre,ml-review-2703573732@import.lupo.local,5,Excelente,Excelente. Hace muchos años que los uso no es fácil conseguirlos. Por suerte esta la tienda oficial que te atiende super bien. Son muy cómodos ajustan pero no aprietan y duran años.,approved,True,2026-01-24T00:14:01Z,[]
3050135800,MLA3079518468,high,198569282,Bermuda Lupo Antiroce Microfibra,https://multilupo.com.ar/productos/bermuda-antiroce-microfibra-lupo-art-41805/,Cliente Mercado Libre,ml-review-3050135800@import.lupo.local,5,Excelente,Excelente. Muy buena calidad. Es sumamente cómodo no se enrrolla para nada.,approved,True,2026-08-03T10:42:25Z,[]
731010691,MLA1789701605,high,198569282,Bermuda Lupo Antiroce Microfibra,https://multilupo.com.ar/productos/bermuda-antiroce-microfibra-lupo-art-41805/,Cliente Mercado Libre,ml-review-731010691@import.lupo.local,5,Excelente,Excelente. Tengo 117 de cadera y me quedo un m. Son suaves y resacas. No se. Mueven. Las. Amo.,approved,True,2023-10-18T19:24:43Z,[]
94186009,MLA1789701605,high,198569282,Bermuda Lupo Antiroce Microfibra,https://multilupo.com.ar/productos/bermuda-antiroce-microfibra-lupo-art-41805/,Cliente Mercado Libre,ml-review-94186009@import.lupo.local,5,Excelente,"Excelente. Es muy cómodo y genial. Es perfecto para el uso, debajo de vestidos.",approved,True,2021-01-28T05:57:36Z,[]
1487176484,MLA1789701605,high,198569282,Bermuda Lupo Antiroce Microfibra,https://multilupo.com.ar/productos/bermuda-antiroce-microfibra-lupo-art-41805/,Cliente Mercado Libre,ml-review-1487176484@import.lupo.local,5,Excelente,"Excelente. Me encantó, divino.",approved,True,2024-09-17T14:17:17Z,[]
2703573732,MLA1789701605,high,198569282,Bermuda Lupo Antiroce Microfibra,https://multilupo.com.ar/productos/bermuda-antiroce-microfibra-lupo-art-41805/,Cliente Mercado Libre,ml-review-2703573732@import.lupo.local,5,Excelente,Excelente. Hace muchos años que los uso no es fácil conseguirlos. Por suerte esta la tienda oficial que te atiende super bien. Son muy cómodos ajustan pero no aprietan y duran años.,approved,True,2026-01-24T00:14:01Z,[]
3050135800,MLA1789701605,high,198569282,Bermuda Lupo Antiroce Microfibra,https://multilupo.com.ar/productos/bermuda-antiroce-microfibra-lupo-art-41805/,Cliente Mercado Libre,ml-review-3050135800@import.lupo.local,5,Excelente,Excelente. Muy buena calidad. Es sumamente cómodo no se enrrolla para nada.,approved,True,2026-08-03T10:42:25Z,[]
731010691,MLA1789701601,high,198569282,Bermuda Lupo Antiroce Microfibra,https://multilupo.com.ar/productos/bermuda-antiroce-microfibra-lupo-art-41805/,Cliente Mercado Libre,ml-review-731010691@import.lupo.local,5,Excelente,Excelente. Tengo 117 de cadera y me quedo un m. Son suaves y resacas. No se. Mueven. Las. Amo.,approved,True,2023-10-18T19:24:43Z,[]
94186009,MLA1789701601,high,198569282,Bermuda Lupo Antiroce Microfibra,https://multilupo.com.ar/productos/bermuda-antiroce-microfibra-lupo-art-41805/,Cliente Mercado Libre,ml-review-94186009@import.lupo.local,5,Excelente,"Excelente. Es muy cómodo y genial. Es perfecto para el uso, debajo de vestidos.",approved,True,2021-01-28T05:57:36Z,[]
1487176484,MLA1789701601,high,198569282,Bermuda Lupo Antiroce Microfibra,https://multilupo.com.ar/productos/bermuda-antiroce-microfibra-lupo-art-41805/,Cliente Mercado Libre,ml-review-1487176484@import.lupo.local,5,Excelente,"Excelente. Me encantó, divino.",approved,True,2024-09-17T14:17:17Z,[]
2703573732,MLA1789701601,high,198569282,Bermuda Lupo Antiroce Microfibra,https://multilupo.com.ar/productos/bermuda-antiroce-microfibra-lupo-art-41805/,Cliente Mercado Libre,ml-review-2703573732@import.lupo.local,5,Excelente,Excelente. Hace muchos años que los uso no es fácil conseguirlos. Por suerte esta la tienda oficial que te atiende super bien. Son muy cómodos ajustan pero no aprietan y duran años.,approved,True,2026-01-24T00:14:01Z,[]
3050135800,MLA1789701601,high,198569282,Bermuda Lupo Antiroce Microfibra,https://multilupo.com.ar/productos/bermuda-antiroce-microfibra-lupo-art-41805/,Cliente Mercado Libre,ml-review-3050135800@import.lupo.local,5,Excelente,Excelente. Muy buena calidad. Es sumamente cómodo no se enrrolla para nada.,approved,True,2026-08-03T10:42:25Z,[]
3051408959,MLA674500213,high,353605686,Boxer Lupo Microfibra Sin Costuras,https://multilupo.com.ar/productos/boxer-lupo-microfibra-sin-costuras-modelo-671-003/,Cliente Mercado Libre,ml-review-3051408959@import.lupo.local,5,Excelente,Excelente. Voy a comprar nuevamente! hermosk!!.,approved,True,2026-08-09T19:16:00Z,[]
2975661153,MLA674500213,high,353605686,Boxer Lupo Microfibra Sin Costuras,https://multilupo.com.ar/productos/boxer-lupo-microfibra-sin-costuras-modelo-671-003/,Cliente Mercado Libre,ml-review-2975661153@import.lupo.local,5,Excelente,"Excelente. La prenda es exelente¡¡¡ calidad , textura, es perfecta. Lastima el ingeniero de la nasa que le pone una etiqueta de papel arriba de la microfibra, cuando la sacas te queda todo el pegote de la etiqueta, un sub normal. Sale con unas gotitas de aceite de cosina lo frotas suave lo lavas y listo te queda como te tendria que haber llegado.",approved,True,2026-06-26T03:02:29Z,[]
2588390902,MLA674500213,high,353605686,Boxer Lupo Microfibra Sin Costuras,https://multilupo.com.ar/productos/boxer-lupo-microfibra-sin-costuras-modelo-671-003/,Cliente Mercado Libre,ml-review-2588390902@import.lupo.local,5,Excelente,"Excelente. El producto es excelente, tanto en su concepto como confección.",approved,True,2025-12-08T13:45:07Z,[]
1962596586,MLA674500213,high,353605686,Boxer Lupo Microfibra Sin Costuras,https://multilupo.com.ar/productos/boxer-lupo-microfibra-sin-costuras-modelo-671-003/,Cliente Mercado Libre,ml-review-1962596586@import.lupo.local,4,Muy bueno,Muy bueno. Sin comentarios.,approved,True,2025-03-31T23:20:00Z,[]
1891843900,MLA674500213,high,353605686,Boxer Lupo Microfibra Sin Costuras,https://multilupo.com.ar/productos/boxer-lupo-microfibra-sin-costuras-modelo-671-003/,Cliente Mercado Libre,ml-review-1891843900@import.lupo.local,5,Excelente,Excelente. Súper cómodos. Excelente calidad. Los uso para dormir.,approved,True,2025-03-01T18:57:57Z,[]
2644920823,MLA674494735,high,198569537,Corpiño Lupo Control Top Sin Costura Mujer,https://multilupo.com.ar/productos/corpino-control-top-lupo-47180-sin-costura/,Cliente Mercado Libre,ml-review-2644920823@import.lupo.local,4,Muy bueno,Muy bueno. Que no se ajusta a los talles.,approved,True,2026-01-02T01:45:20Z,[]
2895393403,MLA674494735,high,198569537,Corpiño Lupo Control Top Sin Costura Mujer,https://multilupo.com.ar/productos/corpino-control-top-lupo-47180-sin-costura/,Cliente Mercado Libre,ml-review-2895393403@import.lupo.local,5,Excelente,Excelente. Super cómodos y excelente calidad.,approved,True,2026-05-13T20:22:09Z,[]
2568042464,MLA674494735,high,198569537,Corpiño Lupo Control Top Sin Costura Mujer,https://multilupo.com.ar/productos/corpino-control-top-lupo-47180-sin-costura/,Cliente Mercado Libre,ml-review-2568042464@import.lupo.local,5,Excelente,Excelente. Muy buen producto.,approved,True,2025-12-01T16:27:18Z,[]
1393403892,MLA674494735,high,198569537,Corpiño Lupo Control Top Sin Costura Mujer,https://multilupo.com.ar/productos/corpino-control-top-lupo-47180-sin-costura/,Cliente Mercado Libre,ml-review-1393403892@import.lupo.local,5,Excelente,Excelente. Muy buena calidad de la tela y comodo.,approved,True,2024-08-07T14:53:35Z,[]
1266512773,MLA674494735,high,198569537,Corpiño Lupo Control Top Sin Costura Mujer,https://multilupo.com.ar/productos/corpino-control-top-lupo-47180-sin-costura/,Cliente Mercado Libre,ml-review-1266512773@import.lupo.local,5,Excelente,"Excelente. Excelente, muy buena calidad y comodo. Ideal para hacer deporte.",approved,True,2024-06-18T01:16:44Z,[]
2960743136,MLA1458346813,high,198579284,Boxer Lupo de Algodón 523 Hombre,https://multilupo.com.ar/productos/boxer-de-algodon-lupo-modelo-523-002/,Cliente Mercado Libre,ml-review-2960743136@import.lupo.local,5,Excelente,"Excelente. Tela: es buena muy elastica. Calce: corresponde al talle, no deforma. Que la calidad es excelente, tiene variedad de diseños y colores, dura mucho, y super comodos.",approved,True,2026-06-11T14:15:56Z,[]
2821936409,MLA1458346813,high,198579284,Boxer Lupo de Algodón 523 Hombre,https://multilupo.com.ar/productos/boxer-de-algodon-lupo-modelo-523-002/,Cliente Mercado Libre,ml-review-2821936409@import.lupo.local,5,Excelente,"Excelente. Tela: suave, con elasticidad. Son cómodas.",approved,True,2026-04-03T14:29:15Z,[]
2636835247,MLA1458346813,high,198579284,Boxer Lupo de Algodón 523 Hombre,https://multilupo.com.ar/productos/boxer-de-algodon-lupo-modelo-523-002/,Cliente Mercado Libre,ml-review-2636835247@import.lupo.local,5,Excelente,"Excelente. Tela: es excelente, suave. Calce: es tal cual a la medida.",approved,True,2025-12-28T23:44:10Z,[]
2610612034,MLA1458346813,high,198579284,Boxer Lupo de Algodón 523 Hombre,https://multilupo.com.ar/productos/boxer-de-algodon-lupo-modelo-523-002/,Cliente Mercado Libre,ml-review-2610612034@import.lupo.local,5,Excelente,Excelente. Excelente calidad.,approved,True,2025-12-15T14:45:44Z,[]
3036772566,MLA767977109,high,198570478,Vedetina Lupo Algodón Microfibra Sin Costura,https://multilupo.com.ar/productos/vedetina-lupo-microfibra-sin-costura-40500/,Cliente Mercado Libre,ml-review-3036772566@import.lupo.local,5,Excelente,Excelente. Diseño: muy lindas. Tela super suave. Ajuste: perfecto. No marca. Muy recomendables.,approved,True,2026-07-26T02:03:58Z,[]
2696110374,MLA767977109,high,198570478,Vedetina Lupo Algodón Microfibra Sin Costura,https://multilupo.com.ar/productos/vedetina-lupo-microfibra-sin-costura-40500/,Cliente Mercado Libre,ml-review-2696110374@import.lupo.local,5,Excelente,"Excelente. Muy buena la calidad de la tela, muy cómoda y estiran muy bien.",approved,True,2026-01-20T22:39:52Z,[]
2586848011,MLA767977109,high,198570478,Vedetina Lupo Algodón Microfibra Sin Costura,https://multilupo.com.ar/productos/vedetina-lupo-microfibra-sin-costura-40500/,Cliente Mercado Libre,ml-review-2586848011@import.lupo.local,5,Excelente,Excelente. Súper bien.,approved,True,2025-12-10T01:13:49Z,[]
2561465336,MLA767977109,high,198570478,Vedetina Lupo Algodón Microfibra Sin Costura,https://multilupo.com.ar/productos/vedetina-lupo-microfibra-sin-costura-40500/,Cliente Mercado Libre,ml-review-2561465336@import.lupo.local,4,Muy bueno,Muy bueno. Buena.,approved,True,2025-11-29T03:39:02Z,[]
2188156698,MLA767977109,high,198570478,Vedetina Lupo Algodón Microfibra Sin Costura,https://multilupo.com.ar/productos/vedetina-lupo-microfibra-sin-costura-40500/,Cliente Mercado Libre,ml-review-2188156698@import.lupo.local,5,Excelente,Excelente. La calidad es excelente y cómoda. 10 de 10.,approved,True,2025-07-16T11:14:25Z,[]
2852615061,MLA767956463,high,239450057,Vedetina Lupo Less Algodón Pack x2 40355-01 Mujer,https://multilupo.com.ar/productos/vedetina-less-algodon-lupo-40355-pack-x-2-unidades/,Cliente Mercado Libre,ml-review-2852615061@import.lupo.local,5,Excelente,Excelente. Excelente calidad y calce.,approved,True,2026-04-21T12:58:09Z,[]
2909447958,MLA767956463,high,239450057,Vedetina Lupo Less Algodón Pack x2 40355-01 Mujer,https://multilupo.com.ar/productos/vedetina-less-algodon-lupo-40355-pack-x-2-unidades/,Cliente Mercado Libre,ml-review-2909447958@import.lupo.local,5,Excelente,Excelente. Excelente.,approved,True,2026-05-15T18:56:38Z,[]
2554978204,MLA767956463,high,239450057,Vedetina Lupo Less Algodón Pack x2 40355-01 Mujer,https://multilupo.com.ar/productos/vedetina-less-algodon-lupo-40355-pack-x-2-unidades/,Cliente Mercado Libre,ml-review-2554978204@import.lupo.local,5,Excelente,Excelente. Hermosas.,approved,True,2025-11-27T02:21:32Z,[]
1494682870,MLA767956463,high,239450057,Vedetina Lupo Less Algodón Pack x2 40355-01 Mujer,https://multilupo.com.ar/productos/vedetina-less-algodon-lupo-40355-pack-x-2-unidades/,Cliente Mercado Libre,ml-review-1494682870@import.lupo.local,5,Excelente,Excelente. Muy buena calidad.,approved,True,2024-09-20T13:33:32Z,[]
1613944866,MLA759387462,medium,302205065,Slip Lupo Micromodal Microfibra Sin Costura 681 Hombre,https://multilupo.com.ar/productos/slip-microfibra-sin-costura-681/,Cliente Mercado Libre,ml-review-1613944866@import.lupo.local,5,Excelente,"Excelente. El material de confección es bueno, muy flexible y duradero. Perfecto para hacer calzón chino atómico!.",approved,True,2024-11-11T20:02:22Z,[]
1815646213,MLA759387462,medium,302205065,Slip Lupo Micromodal Microfibra Sin Costura 681 Hombre,https://multilupo.com.ar/productos/slip-microfibra-sin-costura-681/,Cliente Mercado Libre,ml-review-1815646213@import.lupo.local,5,Excelente,"Excelente. Lo compramos en el talle más grande color blanco para usarlo en un calzon chino. Es el mejor calzoncillo qué probé hasta ahora, recibi un calzon chino atomico y de hombros enseguida. La tela es super elástica y la verdad me hizo sentir un verdadero nerd. Voy a comprar mas pero en mi talle para usarlos de diario. Unos de los mejores calzoncillos para calzon chino atomico de lejos ! 🩲.",approved,True,2025-01-29T17:28:39Z,[]
2820937062,MLA759387462,medium,302205065,Slip Lupo Micromodal Microfibra Sin Costura 681 Hombre,https://multilupo.com.ar/productos/slip-microfibra-sin-costura-681/,Cliente Mercado Libre,ml-review-2820937062@import.lupo.local,5,Excelente,Excelente. Tela: tela suave. Calce: buen calce. Muy buena rpc.,approved,True,2026-03-27T22:37:43Z,[]
2901703460,MLA759387462,medium,302205065,Slip Lupo Micromodal Microfibra Sin Costura 681 Hombre,https://multilupo.com.ar/productos/slip-microfibra-sin-costura-681/,Cliente Mercado Libre,ml-review-2901703460@import.lupo.local,5,Excelente,"Excelente. Tela: lo mejor en calidad premium para ropa interior. Calce: calce perfecto tal cuál descripción. Súper cómodos para deportes y caminatas. Usaba lupo cuándo vivia en brasil, tenia dudas de que fueran imitados, pero son originales. Los mismos que compraba en las tiendas exclusivas de esa marca de brasil. Recomiendo 100%.",approved,True,2026-05-12T04:31:14Z,[]
46886479,MLA759387462,medium,302205065,Slip Lupo Micromodal Microfibra Sin Costura 681 Hombre,https://multilupo.com.ar/productos/slip-microfibra-sin-costura-681/,Cliente Mercado Libre,ml-review-46886479@import.lupo.local,5,"Valen lo pagado, muy buenos","Valen lo pagado, muy buenos. Muy buenos, tela suave y bastantes elastizados, resistentes como ningún otro calzón.",approved,True,2019-10-07T17:35:21Z,[]
2573629240,MLA823265260,high,198576969,Bermuda Lupo Antiroce Microfibra Talle Plus Mujer,https://multilupo.com.ar/productos/bermuda-antiroce-microfibra-lupo-modelo-41806-talle-plus/,Cliente Mercado Libre,ml-review-2573629240@import.lupo.local,5,Excelente,"Excelente. Linda tela, me quedo un poco grande, cede bastante, pero muy cómoda.",approved,True,2025-12-03T16:56:54Z,[]
2666716890,MLA823265260,high,198576969,Bermuda Lupo Antiroce Microfibra Talle Plus Mujer,https://multilupo.com.ar/productos/bermuda-antiroce-microfibra-lupo-modelo-41806-talle-plus/,Cliente Mercado Libre,ml-review-2666716890@import.lupo.local,5,Excelente,Excelente. Material: mi esposa dice que son de buena calidad. Calce: comodidad perfecta no se enroscan en las piernas son frescas y tienen buen ajuste. Compren con tranquilidad.,approved,True,2026-01-07T19:32:48Z,[]
2638938510,MLA823265260,high,198576969,Bermuda Lupo Antiroce Microfibra Talle Plus Mujer,https://multilupo.com.ar/productos/bermuda-antiroce-microfibra-lupo-modelo-41806-talle-plus/,Cliente Mercado Libre,ml-review-2638938510@import.lupo.local,5,Excelente,"Excelente. Material: suave al tacto, liviana, no da calor. Calce: muy cómoda. Mucho. Ya no se que haría sin estos.",approved,True,2025-12-26T16:39:06Z,[]
788590649,MLA823265260,high,198576969,Bermuda Lupo Antiroce Microfibra Talle Plus Mujer,https://multilupo.com.ar/productos/bermuda-antiroce-microfibra-lupo-modelo-41806-talle-plus/,Cliente Mercado Libre,ml-review-788590649@import.lupo.local,5,Excelente,Excelente. Hermosa. Ahora compraré la negra. No se siente. No aprieta. Es lo q buscaba para usar con vestidos.,approved,True,2023-11-14T23:10:09Z,[]
2626407839,MLA823265260,high,198576969,Bermuda Lupo Antiroce Microfibra Talle Plus Mujer,https://multilupo.com.ar/productos/bermuda-antiroce-microfibra-lupo-modelo-41806-talle-plus/,Cliente Mercado Libre,ml-review-2626407839@import.lupo.local,5,Excelente,Excelente. Muy cómoda y fresca. La recomiendo.,approved,True,2025-12-23T21:59:39Z,[]
2712746366,MLA755782492,high,198445687,Bombacha Lupo Microfibra Slim Alta Sin Costuras 5693 Mujer,https://multilupo.com.ar/productos/bombacha-slim-alta-sin-costuras-lupo-art-5693/,Cliente Mercado Libre,ml-review-2712746366@import.lupo.local,5,Excelente,Excelente. Espectacular este modelo es muy lindo cómodo. La tela es suave ajusta bien.,approved,True,2026-01-28T18:00:13Z,[]
3041877351,MLA755782492,high,198445687,Bombacha Lupo Microfibra Slim Alta Sin Costuras 5693 Mujer,https://multilupo.com.ar/productos/bombacha-slim-alta-sin-costuras-lupo-art-5693/,Cliente Mercado Libre,ml-review-3041877351@import.lupo.local,5,Excelente,Excelente. Ajuste excelente. Muy buen corte. Cómodas.,approved,True,2026-08-04T14:51:38Z,[]
2983742657,MLA755782492,high,198445687,Bombacha Lupo Microfibra Slim Alta Sin Costuras 5693 Mujer,https://multilupo.com.ar/productos/bombacha-slim-alta-sin-costuras-lupo-art-5693/,Cliente Mercado Libre,ml-review-2983742657@import.lupo.local,5,Excelente,"Excelente. Las unicas bombachas que uso, esta marca es genial.",approved,True,2026-07-01T19:37:07Z,[]
2982413060,MLA755782492,high,198445687,Bombacha Lupo Microfibra Slim Alta Sin Costuras 5693 Mujer,https://multilupo.com.ar/productos/bombacha-slim-alta-sin-costuras-lupo-art-5693/,Cliente Mercado Libre,ml-review-2982413060@import.lupo.local,4,Muy bueno,Muy bueno. Soon de buena calidad es la segunda ves q uso está marca y resultó ser de buena calidad.,approved,True,2026-06-24T02:33:00Z,[]
2910232954,MLA755782492,high,198445687,Bombacha Lupo Microfibra Slim Alta Sin Costuras 5693 Mujer,https://multilupo.com.ar/productos/bombacha-slim-alta-sin-costuras-lupo-art-5693/,Cliente Mercado Libre,ml-review-2910232954@import.lupo.local,5,Excelente,Excelente. Excelente producto.,approved,True,2026-05-16T02:10:05Z,[]
369405869,MLA908082425,high,198580463,Body Lupo Slim Modelador Loba By Lupo,https://multilupo.com.ar/productos/body-slim-modelador-loba-by-lupo-47150-001/,Cliente Mercado Libre,ml-review-369405869@import.lupo.local,5,Excelente,Excelente. Muy pero muy cómodo lo mejor que ge tenido ni cuenta te das que tenes puesto un body. Exelente.,approved,True,2023-05-03T23:43:10Z,[]
1595304765,MLA908082425,high,198580463,Body Lupo Slim Modelador Loba By Lupo,https://multilupo.com.ar/productos/body-slim-modelador-loba-by-lupo-47150-001/,Cliente Mercado Libre,ml-review-1595304765@import.lupo.local,5,Excelente,"Excelente. Es excelente, lo uso diariamente porque me hice una abdominoplastia y no me molesta en ningún lugar. Ajusta pero no molesta. Creo que lo seguiré usando todo el año!.",approved,True,2024-11-05T20:03:00Z,[]
1527468488,MLA908082425,high,198580463,Body Lupo Slim Modelador Loba By Lupo,https://multilupo.com.ar/productos/body-slim-modelador-loba-by-lupo-47150-001/,Cliente Mercado Libre,ml-review-1527468488@import.lupo.local,5,Excelente,"Excelente. Excelente! tiene un calce perfecto, ajusta y modela. Tiene abertura abajo para ir al baño. Siempre compro las bombachas lobo y soy talle g, por lo tanto repetí el talle y fue exacto. Mido 1,60 y peso 70. Fue una gran elección, ya que es de muy buena calidad y ajuste. Súper recomendable.",approved,True,2024-10-05T06:32:53Z,[]
2899936626,MLA908082425,high,198580463,Body Lupo Slim Modelador Loba By Lupo,https://multilupo.com.ar/productos/body-slim-modelador-loba-by-lupo-47150-001/,Cliente Mercado Libre,ml-review-2899936626@import.lupo.local,5,Excelente,Excelente. Muy cómodo.,approved,True,2026-05-11T13:55:53Z,[]
3082185552,MLA908082425,high,198580463,Body Lupo Slim Modelador Loba By Lupo,https://multilupo.com.ar/productos/body-slim-modelador-loba-by-lupo-47150-001/,Cliente Mercado Libre,ml-review-3082185552@import.lupo.local,5,Excelente,Excelente. Compresión: super. Comodidad: comodo. Comodo moldea y es de alta durabilidad.,approved,True,2026-08-19T14:05:06Z,[]
50134259,MLA674470106,medium,302759111,Bombacha Lupo Algodón Curva Sin Costuras 40378 Mujer,https://multilupo.com.ar/productos/bombacha-curva-sin-costuras-40378-cdz27/,Cliente Mercado Libre,ml-review-50134259@import.lupo.local,5,Muy conforme,"Muy conforme. Excelente,. Con buen control abdominal.",approved,True,2019-11-26T10:35:21Z,[]
49386648,MLA674470106,medium,302759111,Bombacha Lupo Algodón Curva Sin Costuras 40378 Mujer,https://multilupo.com.ar/productos/bombacha-curva-sin-costuras-40378-cdz27/,Cliente Mercado Libre,ml-review-49386648@import.lupo.local,5,Calidad es excelente,"Calidad es excelente. La calidad es excelente, ajusta bien, si buscan algo de calidad y durabilidad la recomiendo. No estira mucho, es para contener y lo hace bien.",approved,True,2019-11-16T09:21:42Z,[]
3070796504,MLA674470106,medium,302759111,Bombacha Lupo Algodón Curva Sin Costuras 40378 Mujer,https://multilupo.com.ar/productos/bombacha-curva-sin-costuras-40378-cdz27/,Cliente Mercado Libre,ml-review-3070796504@import.lupo.local,5,Excelente,Excelente. Muy bueno.,approved,True,2026-08-13T18:23:46Z,[]
3048507739,MLA674470106,medium,302759111,Bombacha Lupo Algodón Curva Sin Costuras 40378 Mujer,https://multilupo.com.ar/productos/bombacha-curva-sin-costuras-40378-cdz27/,Cliente Mercado Libre,ml-review-3048507739@import.lupo.local,5,Excelente,Excelente. Hermosa.,approved,True,2026-08-07T20:10:35Z,[]
2949102222,MLA674470106,medium,302759111,Bombacha Lupo Algodón Curva Sin Costuras 40378 Mujer,https://multilupo.com.ar/productos/bombacha-curva-sin-costuras-40378-cdz27/,Cliente Mercado Libre,ml-review-2949102222@import.lupo.local,5,Excelente,Excelente. Muy buen producto. Lo recomiendo.,approved,True,2026-06-05T04:41:40Z,[]
3059982331,MLA1466988832,medium,240654348,Corpiño Lupo Push-up Estampado con Aro 41276 Mujer,https://multilupo.com.ar/productos/corpino-push-up-estampado-con-aro-modelo-412761/,Cliente Mercado Libre,ml-review-3059982331@import.lupo.local,5,Excelente,Excelente. Excelente. Muy buena calidad.,approved,True,2026-08-13T17:30:42Z,[]
2965332998,MLA1466988832,medium,240654348,Corpiño Lupo Push-up Estampado con Aro 41276 Mujer,https://multilupo.com.ar/productos/corpino-push-up-estampado-con-aro-modelo-412761/,Cliente Mercado Libre,ml-review-2965332998@import.lupo.local,5,Excelente,Excelente. Es muy buen producto lo uso hace mucjo.,approved,True,2026-06-14T14:15:32Z,[]
2913069826,MLA1466988832,medium,240654348,Corpiño Lupo Push-up Estampado con Aro 41276 Mujer,https://multilupo.com.ar/productos/corpino-push-up-estampado-con-aro-modelo-412761/,Cliente Mercado Libre,ml-review-2913069826@import.lupo.local,5,Excelente,Excelente. Ajuste: muy bien. Diseño: adecuado. Cómodo y suave.,approved,True,2026-05-17T22:59:15Z,[]
2623806771,MLA1466988832,medium,240654348,Corpiño Lupo Push-up Estampado con Aro 41276 Mujer,https://multilupo.com.ar/productos/corpino-push-up-estampado-con-aro-modelo-412761/,Cliente Mercado Libre,ml-review-2623806771@import.lupo.local,5,Excelente,Excelente. Perfecto!!.,approved,True,2025-12-22T16:25:43Z,[]
2495135024,MLA1466988832,medium,240654348,Corpiño Lupo Push-up Estampado con Aro 41276 Mujer,https://multilupo.com.ar/productos/corpino-push-up-estampado-con-aro-modelo-412761/,Cliente Mercado Libre,ml-review-2495135024@import.lupo.local,5,Excelente,Excelente. Muy buen calce.,approved,True,2025-11-09T12:21:56Z,[]
3024078335,MLA1604824639,high,198575941,Medias Lupo Sin Puño Algodón Pack x3,https://multilupo.com.ar/productos/media-lupo-puno-sin-elastico-algodon-pack-con-3-unidades-art-1275/,Cliente Mercado Libre,ml-review-3024078335@import.lupo.local,5,Excelente,"Excelente. Textura: muy suaves. Durabilidad: con el. Tiempo lo. Sabre. Volveria a comprar. Alto ideal,para que no se te vayan escapando x el. Talon.",approved,True,2026-07-24T19:07:29Z,[]
3012507364,MLA1604824639,high,198575941,Medias Lupo Sin Puño Algodón Pack x3,https://multilupo.com.ar/productos/media-lupo-puno-sin-elastico-algodon-pack-con-3-unidades-art-1275/,Cliente Mercado Libre,ml-review-3012507364@import.lupo.local,4,Muy bueno,"Muy bueno. Medias correctas, efectivamente no tienen puño, era lo que buscaba. El material es algo fino para invierno, pero para el calor ok.",approved,True,2026-07-12T17:05:39Z,[]
2947671154,MLA1604824639,high,198575941,Medias Lupo Sin Puño Algodón Pack x3,https://multilupo.com.ar/productos/media-lupo-puno-sin-elastico-algodon-pack-con-3-unidades-art-1275/,Cliente Mercado Libre,ml-review-2947671154@import.lupo.local,5,Excelente,Excelente. Tal como esperaba. Buena calidad. Recien comienzo a usarlas.,approved,True,2026-06-04T15:35:42Z,[]
2917898094,MLA1604824639,high,198575941,Medias Lupo Sin Puño Algodón Pack x3,https://multilupo.com.ar/productos/media-lupo-puno-sin-elastico-algodon-pack-con-3-unidades-art-1275/,Cliente Mercado Libre,ml-review-2917898094@import.lupo.local,5,Excelente,Excelente. Excelente.,approved,True,2026-05-20T12:08:13Z,[]
2744366048,MLA1604824639,high,198575941,Medias Lupo Sin Puño Algodón Pack x3,https://multilupo.com.ar/productos/media-lupo-puno-sin-elastico-algodon-pack-con-3-unidades-art-1275/,Cliente Mercado Libre,ml-review-2744366048@import.lupo.local,5,Excelente,Excelente. Es lo que estaba buscando! excelente calidad! lo súper recomiendo! saludos!.,approved,True,2026-02-14T16:41:42Z,[]
2844092599,MLA783131749,high,353027248,Medias Lupo Algodón Deportivas Pack x3 Hombre,https://multilupo.com.ar/productos/medias-deportivas-lupo-hombre-pack-3-vn6c8/,Cliente Mercado Libre,ml-review-2844092599@import.lupo.local,5,Excelente,Excelente. Excelente calidad y textura muy buenas.,approved,True,2026-04-16T15:06:58Z,[]
2742053463,MLA783131749,high,353027248,Medias Lupo Algodón Deportivas Pack x3 Hombre,https://multilupo.com.ar/productos/medias-deportivas-lupo-hombre-pack-3-vn6c8/,Cliente Mercado Libre,ml-review-2742053463@import.lupo.local,5,Excelente,Excelente. Muy buena calidad del producto.,approved,True,2026-02-18T12:59:16Z,[]
924276578,MLA783131749,high,353027248,Medias Lupo Algodón Deportivas Pack x3 Hombre,https://multilupo.com.ar/productos/medias-deportivas-lupo-hombre-pack-3-vn6c8/,Cliente Mercado Libre,ml-review-924276578@import.lupo.local,5,Excelente,Excelente. Muy cómodas y buena calidad. No son tan bajas como la foto. Aconsejo comprar un talle más grande al del calzado.,approved,True,2024-01-09T20:48:49Z,[]
696939234,MLA783131749,high,353027248,Medias Lupo Algodón Deportivas Pack x3 Hombre,https://multilupo.com.ar/productos/medias-deportivas-lupo-hombre-pack-3-vn6c8/,Cliente Mercado Libre,ml-review-696939234@import.lupo.local,4,Muy bueno,Muy bueno. Son muy lindas !!.,approved,True,2023-10-01T15:55:09Z,[]
90278083,MLA783131749,high,353027248,Medias Lupo Algodón Deportivas Pack x3 Hombre,https://multilupo.com.ar/productos/medias-deportivas-lupo-hombre-pack-3-vn6c8/,Cliente Mercado Libre,ml-review-90278083@import.lupo.local,5,Perfecto el talle,"Perfecto el talle. Suaves, no encogen con los lavados.",approved,True,2020-12-26T17:41:12Z,[]
3052512138,MLA1467177512,high,198443752,Bombacha Lupo Algodón Básica Plus Sin Costura,https://multilupo.com.ar/productos/bombacha-basica-lupo-mod-40306-talles-xg-xxg-sin-costura/,Cliente Mercado Libre,ml-review-3052512138@import.lupo.local,5,Excelente,Excelente. Muy buena calidad. Muy comodas.,approved,True,2026-08-04T14:49:21Z,[]
938572163,MLA1467177512,high,198443752,Bombacha Lupo Algodón Básica Plus Sin Costura,https://multilupo.com.ar/productos/bombacha-basica-lupo-mod-40306-talles-xg-xxg-sin-costura/,Cliente Mercado Libre,ml-review-938572163@import.lupo.local,5,Excelente,Excelente. Muyy bueno voy a volver a comprar.,approved,True,2024-01-16T13:52:57Z,[]
2081784614,MLA646607745,high,198445687,Bombacha Lupo Microfibra Slim Alta Sin Costuras 5693 Mujer,https://multilupo.com.ar/productos/bombacha-slim-alta-sin-costuras-lupo-art-5693/,Cliente Mercado Libre,ml-review-2081784614@import.lupo.local,5,Excelente,"Excelente. Excelente faja, no hay otra igual como las de la marca lupo,es fresca ajusta bien, el tejido no produce alergia, comprime sin asfixiar, recomendable!!.",approved,True,2025-05-30T20:44:03Z,[]
1456374951,MLA646607745,high,198445687,Bombacha Lupo Microfibra Slim Alta Sin Costuras 5693 Mujer,https://multilupo.com.ar/productos/bombacha-slim-alta-sin-costuras-lupo-art-5693/,Cliente Mercado Libre,ml-review-1456374951@import.lupo.local,5,Excelente,Excelente. Bueno.,approved,True,2024-09-05T15:38:21Z,[]
350667895,MLA646607745,high,198445687,Bombacha Lupo Microfibra Slim Alta Sin Costuras 5693 Mujer,https://multilupo.com.ar/productos/bombacha-slim-alta-sin-costuras-lupo-art-5693/,Cliente Mercado Libre,ml-review-350667895@import.lupo.local,5,Excelente,Excelente. Excelente 😊muy buena calidad.,approved,True,2023-04-06T17:16:03Z,[]
2851122223,MLA767999343,high,302063225,Vedetina Lupo Ángel Sin Costura Mujer,https://multilupo.com.ar/productos/vedetina-angel-sin-costura-40460/,Cliente Mercado Libre,ml-review-2851122223@import.lupo.local,4,Muy bueno,Muy bueno. Muy cómodas.,approved,True,2026-04-20T17:05:41Z,[]
2608607367,MLA767999343,high,302063225,Vedetina Lupo Ángel Sin Costura Mujer,https://multilupo.com.ar/productos/vedetina-angel-sin-costura-40460/,Cliente Mercado Libre,ml-review-2608607367@import.lupo.local,5,Excelente,"Excelente. Muy buena calidad, compré talle g y me quedaron muy bien, lo más lindo es que no se bajan, y tampoco se meten en las partes íntimas 😅.",approved,True,2025-12-17T02:05:15Z,[]
90277904,MLA767999343,high,302063225,Vedetina Lupo Ángel Sin Costura Mujer,https://multilupo.com.ar/productos/vedetina-angel-sin-costura-40460/,Cliente Mercado Libre,ml-review-90277904@import.lupo.local,5,Calidad impecable,"Calidad impecable. Excelente calidad, buen material, durables.",approved,True,2020-12-26T17:39:29Z,[]
79102469,MLA767999343,high,302063225,Vedetina Lupo Ángel Sin Costura Mujer,https://multilupo.com.ar/productos/vedetina-angel-sin-costura-40460/,Cliente Mercado Libre,ml-review-79102469@import.lupo.local,5,Excelente,Excelente. Comodisimas me encantaron.,approved,True,2020-09-19T06:15:36Z,[]
70849535,MLA767999343,high,302063225,Vedetina Lupo Ángel Sin Costura Mujer,https://multilupo.com.ar/productos/vedetina-angel-sin-costura-40460/,Cliente Mercado Libre,ml-review-70849535@import.lupo.local,5,Excelente!!!!!!!,"Excelente!!!!!!!. Es de excelente calidad, conozco hace años la marca y productos!.",approved,True,2020-07-20T14:39:57Z,[]
369405869,MLA3378507704,high,198580463,Body Lupo Slim Modelador Loba By Lupo,https://multilupo.com.ar/productos/body-slim-modelador-loba-by-lupo-47150-001/,Cliente Mercado Libre,ml-review-369405869@import.lupo.local,5,Excelente,Excelente. Muy pero muy cómodo lo mejor que ge tenido ni cuenta te das que tenes puesto un body. Exelente.,approved,True,2023-05-03T23:43:10Z,[]
1595304765,MLA3378507704,high,198580463,Body Lupo Slim Modelador Loba By Lupo,https://multilupo.com.ar/productos/body-slim-modelador-loba-by-lupo-47150-001/,Cliente Mercado Libre,ml-review-1595304765@import.lupo.local,5,Excelente,"Excelente. Es excelente, lo uso diariamente porque me hice una abdominoplastia y no me molesta en ningún lugar. Ajusta pero no molesta. Creo que lo seguiré usando todo el año!.",approved,True,2024-11-05T20:03:00Z,[]
1527468488,MLA3378507704,high,198580463,Body Lupo Slim Modelador Loba By Lupo,https://multilupo.com.ar/productos/body-slim-modelador-loba-by-lupo-47150-001/,Cliente Mercado Libre,ml-review-1527468488@import.lupo.local,5,Excelente,"Excelente. Excelente! tiene un calce perfecto, ajusta y modela. Tiene abertura abajo para ir al baño. Siempre compro las bombachas lobo y soy talle g, por lo tanto repetí el talle y fue exacto. Mido 1,60 y peso 70. Fue una gran elección, ya que es de muy buena calidad y ajuste. Súper recomendable.",approved,True,2024-10-05T06:32:53Z,[]
121544317,MLA3378507704,high,198580463,Body Lupo Slim Modelador Loba By Lupo,https://multilupo.com.ar/productos/body-slim-modelador-loba-by-lupo-47150-001/,Cliente Mercado Libre,ml-review-121544317@import.lupo.local,5,Super recomendable,"Super recomendable. Más que satisfecha con la compra, excelente calidad y super cómodo! muy buenos breteles en mi caso lo compre para usar con un vestido de bteteles cruzados adelante y eso era muy importante. Los ganchitos de abajo no molestan para nada!! feliz! dude un poco en comprarlo por el precio pero no me arrepiento. Dije un poquito grande porque es un toque largo( nada que afecte) estoy tan acostumbrada a que te dicen talle xxxxxl !!y cuando los ves decis con criterio ponen los talles? que me sorprendió para bien cuando me lo probé. Estuve a punto de buscar un talle más por temor, menos mal que no lo hice.",approved,True,2021-10-04T11:30:02Z,[]
118568589,MLA3378507704,high,198580463,Body Lupo Slim Modelador Loba By Lupo,https://multilupo.com.ar/productos/body-slim-modelador-loba-by-lupo-47150-001/,Cliente Mercado Libre,ml-review-118568589@import.lupo.local,5,Excelente,Excelente. Excelente calidad. Perfecto el talle. Comprime el abdomen y es bien alto. Agarra bien para las que tenemos mucho busto.,approved,True,2021-09-05T08:20:39Z,[]
369405869,MLA3378508534,high,198580463,Body Lupo Slim Modelador Loba By Lupo,https://multilupo.com.ar/productos/body-slim-modelador-loba-by-lupo-47150-001/,Cliente Mercado Libre,ml-review-369405869@import.lupo.local,5,Excelente,Excelente. Muy pero muy cómodo lo mejor que ge tenido ni cuenta te das que tenes puesto un body. Exelente.,approved,True,2023-05-03T23:43:10Z,[]
1595304765,MLA3378508534,high,198580463,Body Lupo Slim Modelador Loba By Lupo,https://multilupo.com.ar/productos/body-slim-modelador-loba-by-lupo-47150-001/,Cliente Mercado Libre,ml-review-1595304765@import.lupo.local,5,Excelente,"Excelente. Es excelente, lo uso diariamente porque me hice una abdominoplastia y no me molesta en ningún lugar. Ajusta pero no molesta. Creo que lo seguiré usando todo el año!.",approved,True,2024-11-05T20:03:00Z,[]
1527468488,MLA3378508534,high,198580463,Body Lupo Slim Modelador Loba By Lupo,https://multilupo.com.ar/productos/body-slim-modelador-loba-by-lupo-47150-001/,Cliente Mercado Libre,ml-review-1527468488@import.lupo.local,5,Excelente,"Excelente. Excelente! tiene un calce perfecto, ajusta y modela. Tiene abertura abajo para ir al baño. Siempre compro las bombachas lobo y soy talle g, por lo tanto repetí el talle y fue exacto. Mido 1,60 y peso 70. Fue una gran elección, ya que es de muy buena calidad y ajuste. Súper recomendable.",approved,True,2024-10-05T06:32:53Z,[]
121544317,MLA3378508534,high,198580463,Body Lupo Slim Modelador Loba By Lupo,https://multilupo.com.ar/productos/body-slim-modelador-loba-by-lupo-47150-001/,Cliente Mercado Libre,ml-review-121544317@import.lupo.local,5,Super recomendable,"Super recomendable. Más que satisfecha con la compra, excelente calidad y super cómodo! muy buenos breteles en mi caso lo compre para usar con un vestido de bteteles cruzados adelante y eso era muy importante. Los ganchitos de abajo no molestan para nada!! feliz! dude un poco en comprarlo por el precio pero no me arrepiento. Dije un poquito grande porque es un toque largo( nada que afecte) estoy tan acostumbrada a que te dicen talle xxxxxl !!y cuando los ves decis con criterio ponen los talles? que me sorprendió para bien cuando me lo probé. Estuve a punto de buscar un talle más por temor, menos mal que no lo hice.",approved,True,2021-10-04T11:30:02Z,[]
118568589,MLA3378508534,high,198580463,Body Lupo Slim Modelador Loba By Lupo,https://multilupo.com.ar/productos/body-slim-modelador-loba-by-lupo-47150-001/,Cliente Mercado Libre,ml-review-118568589@import.lupo.local,5,Excelente,Excelente. Excelente calidad. Perfecto el talle. Comprime el abdomen y es bien alto. Agarra bien para las que tenemos mucho busto.,approved,True,2021-09-05T08:20:39Z,[]
369405869,MLA3378494940,high,198580463,Body Lupo Slim Modelador Loba By Lupo,https://multilupo.com.ar/productos/body-slim-modelador-loba-by-lupo-47150-001/,Cliente Mercado Libre,ml-review-369405869@import.lupo.local,5,Excelente,Excelente. Muy pero muy cómodo lo mejor que ge tenido ni cuenta te das que tenes puesto un body. Exelente.,approved,True,2023-05-03T23:43:10Z,[]
1595304765,MLA3378494940,high,198580463,Body Lupo Slim Modelador Loba By Lupo,https://multilupo.com.ar/productos/body-slim-modelador-loba-by-lupo-47150-001/,Cliente Mercado Libre,ml-review-1595304765@import.lupo.local,5,Excelente,"Excelente. Es excelente, lo uso diariamente porque me hice una abdominoplastia y no me molesta en ningún lugar. Ajusta pero no molesta. Creo que lo seguiré usando todo el año!.",approved,True,2024-11-05T20:03:00Z,[]
1527468488,MLA3378494940,high,198580463,Body Lupo Slim Modelador Loba By Lupo,https://multilupo.com.ar/productos/body-slim-modelador-loba-by-lupo-47150-001/,Cliente Mercado Libre,ml-review-1527468488@import.lupo.local,5,Excelente,"Excelente. Excelente! tiene un calce perfecto, ajusta y modela. Tiene abertura abajo para ir al baño. Siempre compro las bombachas lobo y soy talle g, por lo tanto repetí el talle y fue exacto. Mido 1,60 y peso 70. Fue una gran elección, ya que es de muy buena calidad y ajuste. Súper recomendable.",approved,True,2024-10-05T06:32:53Z,[]
121544317,MLA3378494940,high,198580463,Body Lupo Slim Modelador Loba By Lupo,https://multilupo.com.ar/productos/body-slim-modelador-loba-by-lupo-47150-001/,Cliente Mercado Libre,ml-review-121544317@import.lupo.local,5,Super recomendable,"Super recomendable. Más que satisfecha con la compra, excelente calidad y super cómodo! muy buenos breteles en mi caso lo compre para usar con un vestido de bteteles cruzados adelante y eso era muy importante. Los ganchitos de abajo no molestan para nada!! feliz! dude un poco en comprarlo por el precio pero no me arrepiento. Dije un poquito grande porque es un toque largo( nada que afecte) estoy tan acostumbrada a que te dicen talle xxxxxl !!y cuando los ves decis con criterio ponen los talles? que me sorprendió para bien cuando me lo probé. Estuve a punto de buscar un talle más por temor, menos mal que no lo hice.",approved,True,2021-10-04T11:30:02Z,[]
118568589,MLA3378494940,high,198580463,Body Lupo Slim Modelador Loba By Lupo,https://multilupo.com.ar/productos/body-slim-modelador-loba-by-lupo-47150-001/,Cliente Mercado Libre,ml-review-118568589@import.lupo.local,5,Excelente,Excelente. Excelente calidad. Perfecto el talle. Comprime el abdomen y es bien alto. Agarra bien para las que tenemos mucho busto.,approved,True,2021-09-05T08:20:39Z,[]
369405869,MLA3428883636,high,198580463,Body Lupo Slim Modelador Loba By Lupo,https://multilupo.com.ar/productos/body-slim-modelador-loba-by-lupo-47150-001/,Cliente Mercado Libre,ml-review-369405869@import.lupo.local,5,Excelente,Excelente. Muy pero muy cómodo lo mejor que ge tenido ni cuenta te das que tenes puesto un body. Exelente.,approved,True,2023-05-03T23:43:10Z,[]
1595304765,MLA3428883636,high,198580463,Body Lupo Slim Modelador Loba By Lupo,https://multilupo.com.ar/productos/body-slim-modelador-loba-by-lupo-47150-001/,Cliente Mercado Libre,ml-review-1595304765@import.lupo.local,5,Excelente,"Excelente. Es excelente, lo uso diariamente porque me hice una abdominoplastia y no me molesta en ningún lugar. Ajusta pero no molesta. Creo que lo seguiré usando todo el año!.",approved,True,2024-11-05T20:03:00Z,[]
1527468488,MLA3428883636,high,198580463,Body Lupo Slim Modelador Loba By Lupo,https://multilupo.com.ar/productos/body-slim-modelador-loba-by-lupo-47150-001/,Cliente Mercado Libre,ml-review-1527468488@import.lupo.local,5,Excelente,"Excelente. Excelente! tiene un calce perfecto, ajusta y modela. Tiene abertura abajo para ir al baño. Siempre compro las bombachas lobo y soy talle g, por lo tanto repetí el talle y fue exacto. Mido 1,60 y peso 70. Fue una gran elección, ya que es de muy buena calidad y ajuste. Súper recomendable.",approved,True,2024-10-05T06:32:53Z,[]
121544317,MLA3428883636,high,198580463,Body Lupo Slim Modelador Loba By Lupo,https://multilupo.com.ar/productos/body-slim-modelador-loba-by-lupo-47150-001/,Cliente Mercado Libre,ml-review-121544317@import.lupo.local,5,Super recomendable,"Super recomendable. Más que satisfecha con la compra, excelente calidad y super cómodo! muy buenos breteles en mi caso lo compre para usar con un vestido de bteteles cruzados adelante y eso era muy importante. Los ganchitos de abajo no molestan para nada!! feliz! dude un poco en comprarlo por el precio pero no me arrepiento. Dije un poquito grande porque es un toque largo( nada que afecte) estoy tan acostumbrada a que te dicen talle xxxxxl !!y cuando los ves decis con criterio ponen los talles? que me sorprendió para bien cuando me lo probé. Estuve a punto de buscar un talle más por temor, menos mal que no lo hice.",approved,True,2021-10-04T11:30:02Z,[]
118568589,MLA3428883636,high,198580463,Body Lupo Slim Modelador Loba By Lupo,https://multilupo.com.ar/productos/body-slim-modelador-loba-by-lupo-47150-001/,Cliente Mercado Libre,ml-review-118568589@import.lupo.local,5,Excelente,Excelente. Excelente calidad. Perfecto el talle. Comprime el abdomen y es bien alto. Agarra bien para las que tenemos mucho busto.,approved,True,2021-09-05T08:20:39Z,[]
369405869,MLA1820670167,high,198580463,Body Lupo Slim Modelador Loba By Lupo,https://multilupo.com.ar/productos/body-slim-modelador-loba-by-lupo-47150-001/,Cliente Mercado Libre,ml-review-369405869@import.lupo.local,5,Excelente,Excelente. Muy pero muy cómodo lo mejor que ge tenido ni cuenta te das que tenes puesto un body. Exelente.,approved,True,2023-05-03T23:43:10Z,[]
1595304765,MLA1820670167,high,198580463,Body Lupo Slim Modelador Loba By Lupo,https://multilupo.com.ar/productos/body-slim-modelador-loba-by-lupo-47150-001/,Cliente Mercado Libre,ml-review-1595304765@import.lupo.local,5,Excelente,"Excelente. Es excelente, lo uso diariamente porque me hice una abdominoplastia y no me molesta en ningún lugar. Ajusta pero no molesta. Creo que lo seguiré usando todo el año!.",approved,True,2024-11-05T20:03:00Z,[]
1527468488,MLA1820670167,high,198580463,Body Lupo Slim Modelador Loba By Lupo,https://multilupo.com.ar/productos/body-slim-modelador-loba-by-lupo-47150-001/,Cliente Mercado Libre,ml-review-1527468488@import.lupo.local,5,Excelente,"Excelente. Excelente! tiene un calce perfecto, ajusta y modela. Tiene abertura abajo para ir al baño. Siempre compro las bombachas lobo y soy talle g, por lo tanto repetí el talle y fue exacto. Mido 1,60 y peso 70. Fue una gran elección, ya que es de muy buena calidad y ajuste. Súper recomendable.",approved,True,2024-10-05T06:32:53Z,[]
121544317,MLA1820670167,high,198580463,Body Lupo Slim Modelador Loba By Lupo,https://multilupo.com.ar/productos/body-slim-modelador-loba-by-lupo-47150-001/,Cliente Mercado Libre,ml-review-121544317@import.lupo.local,5,Super recomendable,"Super recomendable. Más que satisfecha con la compra, excelente calidad y super cómodo! muy buenos breteles en mi caso lo compre para usar con un vestido de bteteles cruzados adelante y eso era muy importante. Los ganchitos de abajo no molestan para nada!! feliz! dude un poco en comprarlo por el precio pero no me arrepiento. Dije un poquito grande porque es un toque largo( nada que afecte) estoy tan acostumbrada a que te dicen talle xxxxxl !!y cuando los ves decis con criterio ponen los talles? que me sorprendió para bien cuando me lo probé. Estuve a punto de buscar un talle más por temor, menos mal que no lo hice.",approved,True,2021-10-04T11:30:02Z,[]
118568589,MLA1820670167,high,198580463,Body Lupo Slim Modelador Loba By Lupo,https://multilupo.com.ar/productos/body-slim-modelador-loba-by-lupo-47150-001/,Cliente Mercado Libre,ml-review-118568589@import.lupo.local,5,Excelente,Excelente. Excelente calidad. Perfecto el talle. Comprime el abdomen y es bien alto. Agarra bien para las que tenemos mucho busto.,approved,True,2021-09-05T08:20:39Z,[]
369405869,MLA3428611720,high,198580463,Body Lupo Slim Modelador Loba By Lupo,https://multilupo.com.ar/productos/body-slim-modelador-loba-by-lupo-47150-001/,Cliente Mercado Libre,ml-review-369405869@import.lupo.local,5,Excelente,Excelente. Muy pero muy cómodo lo mejor que ge tenido ni cuenta te das que tenes puesto un body. Exelente.,approved,True,2023-05-03T23:43:10Z,[]
1595304765,MLA3428611720,high,198580463,Body Lupo Slim Modelador Loba By Lupo,https://multilupo.com.ar/productos/body-slim-modelador-loba-by-lupo-47150-001/,Cliente Mercado Libre,ml-review-1595304765@import.lupo.local,5,Excelente,"Excelente. Es excelente, lo uso diariamente porque me hice una abdominoplastia y no me molesta en ningún lugar. Ajusta pero no molesta. Creo que lo seguiré usando todo el año!.",approved,True,2024-11-05T20:03:00Z,[]
1527468488,MLA3428611720,high,198580463,Body Lupo Slim Modelador Loba By Lupo,https://multilupo.com.ar/productos/body-slim-modelador-loba-by-lupo-47150-001/,Cliente Mercado Libre,ml-review-1527468488@import.lupo.local,5,Excelente,"Excelente. Excelente! tiene un calce perfecto, ajusta y modela. Tiene abertura abajo para ir al baño. Siempre compro las bombachas lobo y soy talle g, por lo tanto repetí el talle y fue exacto. Mido 1,60 y peso 70. Fue una gran elección, ya que es de muy buena calidad y ajuste. Súper recomendable.",approved,True,2024-10-05T06:32:53Z,[]
121544317,MLA3428611720,high,198580463,Body Lupo Slim Modelador Loba By Lupo,https://multilupo.com.ar/productos/body-slim-modelador-loba-by-lupo-47150-001/,Cliente Mercado Libre,ml-review-121544317@import.lupo.local,5,Super recomendable,"Super recomendable. Más que satisfecha con la compra, excelente calidad y super cómodo! muy buenos breteles en mi caso lo compre para usar con un vestido de bteteles cruzados adelante y eso era muy importante. Los ganchitos de abajo no molestan para nada!! feliz! dude un poco en comprarlo por el precio pero no me arrepiento. Dije un poquito grande porque es un toque largo( nada que afecte) estoy tan acostumbrada a que te dicen talle xxxxxl !!y cuando los ves decis con criterio ponen los talles? que me sorprendió para bien cuando me lo probé. Estuve a punto de buscar un talle más por temor, menos mal que no lo hice.",approved,True,2021-10-04T11:30:02Z,[]
118568589,MLA3428611720,high,198580463,Body Lupo Slim Modelador Loba By Lupo,https://multilupo.com.ar/productos/body-slim-modelador-loba-by-lupo-47150-001/,Cliente Mercado Libre,ml-review-118568589@import.lupo.local,5,Excelente,Excelente. Excelente calidad. Perfecto el talle. Comprime el abdomen y es bien alto. Agarra bien para las que tenemos mucho busto.,approved,True,2021-09-05T08:20:39Z,[]
369405869,MLA3421450528,high,198580463,Body Lupo Slim Modelador Loba By Lupo,https://multilupo.com.ar/productos/body-slim-modelador-loba-by-lupo-47150-001/,Cliente Mercado Libre,ml-review-369405869@import.lupo.local,5,Excelente,Excelente. Muy pero muy cómodo lo mejor que ge tenido ni cuenta te das que tenes puesto un body. Exelente.,approved,True,2023-05-03T23:43:10Z,[]
1595304765,MLA3421450528,high,198580463,Body Lupo Slim Modelador Loba By Lupo,https://multilupo.com.ar/productos/body-slim-modelador-loba-by-lupo-47150-001/,Cliente Mercado Libre,ml-review-1595304765@import.lupo.local,5,Excelente,"Excelente. Es excelente, lo uso diariamente porque me hice una abdominoplastia y no me molesta en ningún lugar. Ajusta pero no molesta. Creo que lo seguiré usando todo el año!.",approved,True,2024-11-05T20:03:00Z,[]
1527468488,MLA3421450528,high,198580463,Body Lupo Slim Modelador Loba By Lupo,https://multilupo.com.ar/productos/body-slim-modelador-loba-by-lupo-47150-001/,Cliente Mercado Libre,ml-review-1527468488@import.lupo.local,5,Excelente,"Excelente. Excelente! tiene un calce perfecto, ajusta y modela. Tiene abertura abajo para ir al baño. Siempre compro las bombachas lobo y soy talle g, por lo tanto repetí el talle y fue exacto. Mido 1,60 y peso 70. Fue una gran elección, ya que es de muy buena calidad y ajuste. Súper recomendable.",approved,True,2024-10-05T06:32:53Z,[]
121544317,MLA3421450528,high,198580463,Body Lupo Slim Modelador Loba By Lupo,https://multilupo.com.ar/productos/body-slim-modelador-loba-by-lupo-47150-001/,Cliente Mercado Libre,ml-review-121544317@import.lupo.local,5,Super recomendable,"Super recomendable. Más que satisfecha con la compra, excelente calidad y super cómodo! muy buenos breteles en mi caso lo compre para usar con un vestido de bteteles cruzados adelante y eso era muy importante. Los ganchitos de abajo no molestan para nada!! feliz! dude un poco en comprarlo por el precio pero no me arrepiento. Dije un poquito grande porque es un toque largo( nada que afecte) estoy tan acostumbrada a que te dicen talle xxxxxl !!y cuando los ves decis con criterio ponen los talles? que me sorprendió para bien cuando me lo probé. Estuve a punto de buscar un talle más por temor, menos mal que no lo hice.",approved,True,2021-10-04T11:30:02Z,[]
118568589,MLA3421450528,high,198580463,Body Lupo Slim Modelador Loba By Lupo,https://multilupo.com.ar/productos/body-slim-modelador-loba-by-lupo-47150-001/,Cliente Mercado Libre,ml-review-118568589@import.lupo.local,5,Excelente,Excelente. Excelente calidad. Perfecto el talle. Comprime el abdomen y es bien alto. Agarra bien para las que tenemos mucho busto.,approved,True,2021-09-05T08:20:39Z,[]
89406821,MLA674492507,high,198569415,Faja Lupo Modeladora con Pierna Sin Costura Mujer,https://multilupo.com.ar/productos/faja-modeladora-lupo-con-pierna-sin-costura-47120/,Cliente Mercado Libre,ml-review-89406821@import.lupo.local,4,Muy bueno,"Muy bueno. La calidad se ve excelente. Pero respetando las medidas del cuadro me queda algo grande. No ajusta lo suficiente. Lo recomiendo si, pero en mi caso debería haberme comprando una m y no una g.",approved,True,2020-12-18T11:22:54Z,[]
2906779377,MLA674492507,high,198569415,Faja Lupo Modeladora con Pierna Sin Costura Mujer,https://multilupo.com.ar/productos/faja-modeladora-lupo-con-pierna-sin-costura-47120/,Cliente Mercado Libre,ml-review-2906779377@import.lupo.local,4,Muy bueno,Muy bueno. Muy cómoda. Solo que le cambiaria en las partes de la terminación de las piernasxq se marca en esa parte cuando te pones algún pantalón.,approved,True,2026-05-19T20:47:54Z,[]
1563690201,MLA674492507,high,198569415,Faja Lupo Modeladora con Pierna Sin Costura Mujer,https://multilupo.com.ar/productos/faja-modeladora-lupo-con-pierna-sin-costura-47120/,Cliente Mercado Libre,ml-review-1563690201@import.lupo.local,5,Excelente,Excelente. Excelente !!!.,approved,True,2024-10-22T19:26:56Z,[]
310123937,MLA674492507,high,198569415,Faja Lupo Modeladora con Pierna Sin Costura Mujer,https://multilupo.com.ar/productos/faja-modeladora-lupo-con-pierna-sin-costura-47120/,Cliente Mercado Libre,ml-review-310123937@import.lupo.local,5,Excelente,Excelente. Espectacular justo lo que necesitaba sin robarme el aire cómoda para lo q necesitaba.,approved,True,2022-12-08T22:19:01Z,[]
85911696,MLA674492507,high,198569415,Faja Lupo Modeladora con Pierna Sin Costura Mujer,https://multilupo.com.ar/productos/faja-modeladora-lupo-con-pierna-sin-costura-47120/,Cliente Mercado Libre,ml-review-85911696@import.lupo.local,5,Súper recomendable,Súper recomendable. Excelente calidad y muy bien calce.,approved,True,2020-11-18T13:07:51Z,[]
2547252302,MLA757920938,medium,302205065,Slip Lupo Micromodal Microfibra Sin Costura 681 Hombre,https://multilupo.com.ar/productos/slip-microfibra-sin-costura-681/,Cliente Mercado Libre,ml-review-2547252302@import.lupo.local,4,Muy bueno,Muy bueno. Buen producto.,approved,True,2025-11-24T21:36:32Z,[]
2540673166,MLA757920938,medium,302205065,Slip Lupo Micromodal Microfibra Sin Costura 681 Hombre,https://multilupo.com.ar/productos/slip-microfibra-sin-costura-681/,Cliente Mercado Libre,ml-review-2540673166@import.lupo.local,5,Excelente,Excelente. Buen producto.,approved,True,2025-11-22T13:56:34Z,[]
2484771932,MLA757920938,medium,302205065,Slip Lupo Micromodal Microfibra Sin Costura 681 Hombre,https://multilupo.com.ar/productos/slip-microfibra-sin-costura-681/,Cliente Mercado Libre,ml-review-2484771932@import.lupo.local,4,Muy bueno,"Muy bueno. Buenos, no se cumplió con los colores pedidos, no obstante el producto está ok.",approved,True,2025-11-06T11:52:15Z,[]
2092848193,MLA757920938,medium,302205065,Slip Lupo Micromodal Microfibra Sin Costura 681 Hombre,https://multilupo.com.ar/productos/slip-microfibra-sin-costura-681/,Cliente Mercado Libre,ml-review-2092848193@import.lupo.local,5,Excelente,"Excelente. Excelente, es lo que esperaba.",approved,True,2025-06-09T00:34:47Z,[]
2718330445,MLA757920938,medium,302205065,Slip Lupo Micromodal Microfibra Sin Costura 681 Hombre,https://multilupo.com.ar/productos/slip-microfibra-sin-costura-681/,Cliente Mercado Libre,ml-review-2718330445@import.lupo.local,5,Excelente,Excelente. Muy buena calidad.,approved,True,2026-02-04T23:31:41Z,[]
2893368948,MLA883954813,high,204276887,Corpiño Lupo Microfibra Sin Costuras Y Encaje Loba 41260 Mujer,https://multilupo.com.ar/productos/corpino-sin-costuras-y-encaje-loba-lupo-41260/,Cliente Mercado Libre,ml-review-2893368948@import.lupo.local,5,Excelente,Excelente. Excelente producto.,approved,True,2026-05-07T16:44:31Z,[]
2704400227,MLA883954813,high,204276887,Corpiño Lupo Microfibra Sin Costuras Y Encaje Loba 41260 Mujer,https://multilupo.com.ar/productos/corpino-sin-costuras-y-encaje-loba-lupo-41260/,Cliente Mercado Libre,ml-review-2704400227@import.lupo.local,5,Excelente,Excelente. Super cómodo hace años que uso esta marca son indestructibles duración esta acorde con su precio.,approved,True,2026-01-28T18:02:49Z,[]
2892310722,MLA883954813,high,204276887,Corpiño Lupo Microfibra Sin Costuras Y Encaje Loba 41260 Mujer,https://multilupo.com.ar/productos/corpino-sin-costuras-y-encaje-loba-lupo-41260/,Cliente Mercado Libre,ml-review-2892310722@import.lupo.local,5,Excelente,Excelente. Perfecto.,approved,True,2026-05-07T01:01:11Z,[]
2762716192,MLA883954813,high,204276887,Corpiño Lupo Microfibra Sin Costuras Y Encaje Loba 41260 Mujer,https://multilupo.com.ar/productos/corpino-sin-costuras-y-encaje-loba-lupo-41260/,Cliente Mercado Libre,ml-review-2762716192@import.lupo.local,5,Excelente,Excelente. Marca lupo. La mejor.,approved,True,2026-02-24T16:50:31Z,[]
2631595128,MLA883954813,high,204276887,Corpiño Lupo Microfibra Sin Costuras Y Encaje Loba 41260 Mujer,https://multilupo.com.ar/productos/corpino-sin-costuras-y-encaje-loba-lupo-41260/,Cliente Mercado Libre,ml-review-2631595128@import.lupo.local,5,Excelente,Excelente. Perfecto!!.,approved,True,2025-12-22T16:29:54Z,[]
2950416699,MLA852072580,high,198579284,Boxer Lupo de Algodón 523 Hombre,https://multilupo.com.ar/productos/boxer-de-algodon-lupo-modelo-523-002/,Cliente Mercado Libre,ml-review-2950416699@import.lupo.local,5,Excelente,"Excelente. Tela: buena elasticidad. Calce: respeta talles. Es un exelente peoducto, materiar calidad, no deforma, seguire comprando.",approved,True,2026-06-11T14:07:21Z,[]
2934896398,MLA852072580,high,198579284,Boxer Lupo de Algodón 523 Hombre,https://multilupo.com.ar/productos/boxer-de-algodon-lupo-modelo-523-002/,Cliente Mercado Libre,ml-review-2934896398@import.lupo.local,4,Muy bueno,Muy bueno. Tela: muy duro el elastico.,approved,True,2026-05-29T11:25:30Z,[]
2831291286,MLA852072580,high,198579284,Boxer Lupo de Algodón 523 Hombre,https://multilupo.com.ar/productos/boxer-de-algodon-lupo-modelo-523-002/,Cliente Mercado Libre,ml-review-2831291286@import.lupo.local,5,Excelente,"Excelente. Tela: suave, buena elasticidad. Son cómodas.",approved,True,2026-04-03T14:29:54Z,[]
2816765704,MLA852072580,high,198579284,Boxer Lupo de Algodón 523 Hombre,https://multilupo.com.ar/productos/boxer-de-algodon-lupo-modelo-523-002/,Cliente Mercado Libre,ml-review-2816765704@import.lupo.local,5,Excelente,Excelente. Suave. Cómodo. Buen diseño.,approved,True,2026-03-25T17:53:08Z,[]
2137399392,MLA852072580,high,198579284,Boxer Lupo de Algodón 523 Hombre,https://multilupo.com.ar/productos/boxer-de-algodon-lupo-modelo-523-002/,Cliente Mercado Libre,ml-review-2137399392@import.lupo.local,5,Excelente,Excelente. Excelente calidad!!.,approved,True,2025-06-26T21:55:04Z,[]
1837826989,MLA1629305686,high,198571959,Medias Lupo Pack x3 Soquete Algodón 3225-89,https://multilupo.com.ar/productos/medias-lupo-tripack-soquete-algodon-3225-89/,Cliente Mercado Libre,ml-review-1837826989@import.lupo.local,5,Excelente,Excelente. 👍🏼.,approved,True,2025-02-08T00:36:01Z,[]
2910233066,MLA1629305686,high,198571959,Medias Lupo Pack x3 Soquete Algodón 3225-89,https://multilupo.com.ar/productos/medias-lupo-tripack-soquete-algodon-3225-89/,Cliente Mercado Libre,ml-review-2910233066@import.lupo.local,5,Excelente,Excelente. Divinas!.,approved,True,2026-05-16T02:09:43Z,[]
2638936325,MLA1629305686,high,198571959,Medias Lupo Pack x3 Soquete Algodón 3225-89,https://multilupo.com.ar/productos/medias-lupo-tripack-soquete-algodon-3225-89/,Cliente Mercado Libre,ml-review-2638936325@import.lupo.local,5,Excelente,Excelente. Durabilidad: se nota que son buenas. Textura: suaves al tacto. Buenas calidad en relación a su precio.,approved,True,2025-12-29T19:51:56Z,[]
2586062366,MLA1629305686,high,198571959,Medias Lupo Pack x3 Soquete Algodón 3225-89,https://multilupo.com.ar/productos/medias-lupo-tripack-soquete-algodon-3225-89/,Cliente Mercado Libre,ml-review-2586062366@import.lupo.local,5,Excelente,Excelente. Muy buenas y cómodas.,approved,True,2025-12-07T15:54:03Z,[]
2353628181,MLA1629305686,high,198571959,Medias Lupo Pack x3 Soquete Algodón 3225-89,https://multilupo.com.ar/productos/medias-lupo-tripack-soquete-algodon-3225-89/,Cliente Mercado Libre,ml-review-2353628181@import.lupo.local,5,Excelente,Excelente. Lo que esperaba.,approved,True,2025-09-20T22:31:39Z,[]
1637251187,MLA1836989468,high,239449491,Medias Lupo Microfibra Dryfit Invisible Unisex 3276 Mujer,https://multilupo.com.ar/productos/media-lupo-dryfit-invisible-unisex-art-3276/,Cliente Mercado Libre,ml-review-1637251187@import.lupo.local,3,Bueno,"Bueno. Es de linda calidad, gruesa para el verano, y por lo cortita no abrigada claro.",approved,True,2024-11-22T13:59:55Z,[]
1869783892,MLA3378495668,high,198569039,Bombacha Lupo Algodón Reductora Tipo Short Sin Costura,https://multilupo.com.ar/productos/bombacha-reductora-lupo-tipo-short-sin-costura-art-41060/,Cliente Mercado Libre,ml-review-1869783892@import.lupo.local,5,Excelente,"Excelente. Excelente. Compré el talle p y soy 38 de pantalón. Si me guiaba por la tabla de medidas debería haber comprado un m, pero me arriesgué y anduvo perfecto. Comprime muy bien y es súper cómoda. Tiene una silicona en la parte superior que se adhiere a la piel y evita que se enrolle. La usé debajo de un vestido de fiesta y ni se notaba. Estoy muy satisfecha con el producto.",approved,True,2025-02-19T18:26:02Z,[]
2702814,MLA3378495668,high,198569039,Bombacha Lupo Algodón Reductora Tipo Short Sin Costura,https://multilupo.com.ar/productos/bombacha-reductora-lupo-tipo-short-sin-costura-art-41060/,Cliente Mercado Libre,ml-review-2702814@import.lupo.local,4,Muy buen producto.,"Muy buen producto.. Mu buena faja, la parte de la cintura es bien ceñida como quería, quizá el short no agarra tanto la pierna como se ve en la imagen, queda mas cortito. La recomiendo.",approved,True,2016-10-04T10:26:45Z,[]
692427135,MLA3378495668,high,198569039,Bombacha Lupo Algodón Reductora Tipo Short Sin Costura,https://multilupo.com.ar/productos/bombacha-reductora-lupo-tipo-short-sin-costura-art-41060/,Cliente Mercado Libre,ml-review-692427135@import.lupo.local,5,Excelente,Excelente. Excelente producto! justo el modelo que buscaba. La parte de arriba ajusta muy bien y los elásticos de las piernas no apretan nada.,approved,True,2023-09-29T11:09:10Z,[]
121000738,MLA3378495668,high,198569039,Bombacha Lupo Algodón Reductora Tipo Short Sin Costura,https://multilupo.com.ar/productos/bombacha-reductora-lupo-tipo-short-sin-costura-art-41060/,Cliente Mercado Libre,ml-review-121000738@import.lupo.local,5,Excelente,Excelente. Muy buena calidad. Era lo que esperaba.,approved,True,2021-09-28T17:42:31Z,[]
97876918,MLA3378495668,high,198569039,Bombacha Lupo Algodón Reductora Tipo Short Sin Costura,https://multilupo.com.ar/productos/bombacha-reductora-lupo-tipo-short-sin-costura-art-41060/,Cliente Mercado Libre,ml-review-97876918@import.lupo.local,5,Buenisimo,"Buenisimo. Muy bueno tal cual lo esperaba , me quedo genial.",approved,True,2021-03-03T08:43:13Z,[]
320877041,MLA3421463642,high,198441344,Faja Lupo Microfibra Modeladora Bajo Busto 47183 Apta Post Operatoria,https://multilupo.com.ar/productos/faja-modeladora-c-bretel-bajo-busto-lupo-47183apto-p-cirugia1/,Cliente Mercado Libre,ml-review-320877041@import.lupo.local,5,Excelente,"Excelente. La verdad q felizzz por primera vez conseguí una faja q cumpla con todas mis expectativas , tengo una hernia lateral derecho q a la vista de todos parece una tet@ más pero con esta faja no se nota increíble !!!! ahora sí puedo volver a usar vestidos y la ropa al cuerpo , no tengo q esconderme más en talles enormes y varias fajas para ocultar mi hernia , así q solo falta la cirujía , volveré a comprar ,!!! no lo duden chicas por más q tengas panza y rollitos a los costados esta faja comprime todo ,.",approved,True,2023-01-22T14:52:08Z,[]
133329874,MLA3421463642,high,198441344,Faja Lupo Microfibra Modeladora Bajo Busto 47183 Apta Post Operatoria,https://multilupo.com.ar/productos/faja-modeladora-c-bretel-bajo-busto-lupo-47183apto-p-cirugia1/,Cliente Mercado Libre,ml-review-133329874@import.lupo.local,5,Un 10,"Un 10. Nunca había comentado nada de las cosas que compro, pero gracias a las calificaciones de este producto porque fueron lo mejor que leí! es perfecta la faja, tal cual lo que dicen, la talla, ya me dijeron que estaba más desinchada y todo jaja.",approved,True,2022-01-30T12:30:07Z,[]
933175878,MLA3421463642,high,198441344,Faja Lupo Microfibra Modeladora Bajo Busto 47183 Apta Post Operatoria,https://multilupo.com.ar/productos/faja-modeladora-c-bretel-bajo-busto-lupo-47183apto-p-cirugia1/,Cliente Mercado Libre,ml-review-933175878@import.lupo.local,5,Excelente,"Excelente. La palabra es espectacular, la calidad excelente, pedí l, y es bastante ajustada. Muy hermosa, volvería a comprar, vale cada peso que pagué, pidan con total confianza.",approved,True,2024-01-13T06:41:03Z,[]
333118063,MLA3421463642,high,198441344,Faja Lupo Microfibra Modeladora Bajo Busto 47183 Apta Post Operatoria,https://multilupo.com.ar/productos/faja-modeladora-c-bretel-bajo-busto-lupo-47183apto-p-cirugia1/,Cliente Mercado Libre,ml-review-333118063@import.lupo.local,5,Excelente,Excelente. Me encantó. No se enrrosca sujeta súper bien. Voy a comprar otra más ya que la usó diariamente.,approved,True,2023-02-20T21:38:11Z,[]
1489824520,MLA3421463642,high,198441344,Faja Lupo Microfibra Modeladora Bajo Busto 47183 Apta Post Operatoria,https://multilupo.com.ar/productos/faja-modeladora-c-bretel-bajo-busto-lupo-47183apto-p-cirugia1/,Cliente Mercado Libre,ml-review-1489824520@import.lupo.local,5,Excelente,Excelente. La calidad terrible creo q sin ella no hubiera caminado tan rápido!!.,approved,True,2024-09-18T14:44:48Z,[]
55026639,MLA800481864,high,344479341,Bermuda Lupo Modeladora Alta Compresión Sin Costura Mujer,https://multilupo.com.ar/productos/bermuda-modeladora-lupo-alta-compresion-sin-costura-1c4v8/,Cliente Mercado Libre,ml-review-55026639@import.lupo.local,5,Mas de lo que esperaba,"Mas de lo que esperaba. Me encantó! al principio pensé que no me iba a quedar pero me quedó perfecta. La guía de tallas si funciona. No es calurosa, ni incómoda (no es como otras que te sentís una mortadela de apretada) y tampoco se enrolla arriba o en las piernas, con jeans va perfecto y no se nota. Definitivamente volveré a comprar.",approved,True,2020-02-01T23:57:03Z,[]
52135952,MLA800481864,high,344479341,Bermuda Lupo Modeladora Alta Compresión Sin Costura Mujer,https://multilupo.com.ar/productos/bermuda-modeladora-lupo-alta-compresion-sin-costura-1c4v8/,Cliente Mercado Libre,ml-review-52135952@import.lupo.local,5,Excelente,"Excelente. Moldeó mi figura, tal lo que esperaba. Arriba no se enrolla y en las piernas es súper fina y pasa desapercibida con la ropa. Súper recomendable. Talle acorde a la tabla de medidas. Volvería a comprar.",approved,True,2019-12-23T05:42:45Z,[]
2484222867,MLA800481864,high,344479341,Bermuda Lupo Modeladora Alta Compresión Sin Costura Mujer,https://multilupo.com.ar/productos/bermuda-modeladora-lupo-alta-compresion-sin-costura-1c4v8/,Cliente Mercado Libre,ml-review-2484222867@import.lupo.local,4,Muy bueno,Muy bueno. Es buena lycra pero crei que ajustaba mas por eso le doy 4 estrellas.,approved,True,2025-11-08T00:37:34Z,[]
1656042093,MLA800481864,high,344479341,Bermuda Lupo Modeladora Alta Compresión Sin Costura Mujer,https://multilupo.com.ar/productos/bermuda-modeladora-lupo-alta-compresion-sin-costura-1c4v8/,Cliente Mercado Libre,ml-review-1656042093@import.lupo.local,4,Muy bueno,"Muy bueno. Muy linda, la mejor que he visto comparado con silvana, mora y aretha. Lo único que tiene una costura en la pierna, antes de llagar a la rodilla y con un pantalón sastrero se marca la costura. No aprieta la pierna.",approved,True,2024-11-29T17:40:37Z,[]
50614273,MLA800481864,high,344479341,Bermuda Lupo Modeladora Alta Compresión Sin Costura Mujer,https://multilupo.com.ar/productos/bermuda-modeladora-lupo-alta-compresion-sin-costura-1c4v8/,Cliente Mercado Libre,ml-review-50614273@import.lupo.local,5,Excelente,"Excelente. Excelentee!!! no se enrosca arriba gracias a la silicona, pasa desapercibida totalmente bajo la ropa! 10 pts.",approved,True,2019-12-02T14:32:50Z,[]
1810491571,MLA782128089,high,198573932,Corpiño Lupo Apertura Frontal Sin Costura Mujer,https://multilupo.com.ar/productos/corpino-apertura-frontal-lupo-sin-costura-41027/,Cliente Mercado Libre,ml-review-1810491571@import.lupo.local,5,Excelente,Excelente. Tengo 105 de busto y me queda algo apretado.,approved,True,2025-01-27T16:13:08Z,[]
2997552889,MLA782128089,high,198573932,Corpiño Lupo Apertura Frontal Sin Costura Mujer,https://multilupo.com.ar/productos/corpino-apertura-frontal-lupo-sin-costura-41027/,Cliente Mercado Libre,ml-review-2997552889@import.lupo.local,5,Excelente,Excelente. Excelente.,approved,True,2026-07-09T21:04:25Z,[]
2905218083,MLA782128089,high,198573932,Corpiño Lupo Apertura Frontal Sin Costura Mujer,https://multilupo.com.ar/productos/corpino-apertura-frontal-lupo-sin-costura-41027/,Cliente Mercado Libre,ml-review-2905218083@import.lupo.local,5,Excelente,Excelente. Me encantó la tela!.,approved,True,2026-05-19T00:50:14Z,[]
1828797265,MLA782128089,high,198573932,Corpiño Lupo Apertura Frontal Sin Costura Mujer,https://multilupo.com.ar/productos/corpino-apertura-frontal-lupo-sin-costura-41027/,Cliente Mercado Libre,ml-review-1828797265@import.lupo.local,5,Excelente,"Excelente. Es lo esperado,lo necesitaba por una cirugia y fue perfecto.",approved,True,2025-02-04T15:41:27Z,[]
1577767058,MLA782128089,high,198573932,Corpiño Lupo Apertura Frontal Sin Costura Mujer,https://multilupo.com.ar/productos/corpino-apertura-frontal-lupo-sin-costura-41027/,Cliente Mercado Libre,ml-review-1577767058@import.lupo.local,4,Muy bueno,Muy bueno. Lindo producto. Me sirvió para después de mi cirugía.,approved,True,2024-10-26T19:50:06Z,[]
427938861,MLA768004518,high,198568921,Bombacha Lupo Alta Reductora Sin Costura 47165 Mujer,https://multilupo.com.ar/productos/bombacha-alta-lupo-reductora-sin-costura-art-47165/,Cliente Mercado Libre,ml-review-427938861@import.lupo.local,5,Excelente,Excelente. Excelente calidad muy cómoda y sostiene muy bien la panza sin ser demasiado ajustada ni enrollarse como otras similares. La recomiendo.,approved,True,2023-06-09T17:41:23Z,[]
649588364,MLA768004518,high,198568921,Bombacha Lupo Alta Reductora Sin Costura 47165 Mujer,https://multilupo.com.ar/productos/bombacha-alta-lupo-reductora-sin-costura-art-47165/,Cliente Mercado Libre,ml-review-649588364@import.lupo.local,5,Excelente,Excelente. Excelente sujeta bien y cómoda recomendada.,approved,True,2023-09-07T10:56:02Z,[]
42258200,MLA768004518,high,198568921,Bombacha Lupo Alta Reductora Sin Costura 47165 Mujer,https://multilupo.com.ar/productos/bombacha-alta-lupo-reductora-sin-costura-art-47165/,Cliente Mercado Libre,ml-review-42258200@import.lupo.local,5,Excelente,"Excelente. Es excelente ya lo conocía lo utilice en mí anterior embarazo y la panza quedó chatisima,lo súper recomiendo !!.",approved,True,2019-06-28T09:12:08Z,[]
2876547741,MLA768004518,high,198568921,Bombacha Lupo Alta Reductora Sin Costura 47165 Mujer,https://multilupo.com.ar/productos/bombacha-alta-lupo-reductora-sin-costura-art-47165/,Cliente Mercado Libre,ml-review-2876547741@import.lupo.local,5,Excelente,Excelente. Excelente material.,approved,True,2026-05-04T16:06:59Z,[]
2610963160,MLA768004518,high,198568921,Bombacha Lupo Alta Reductora Sin Costura 47165 Mujer,https://multilupo.com.ar/productos/bombacha-alta-lupo-reductora-sin-costura-art-47165/,Cliente Mercado Libre,ml-review-2610963160@import.lupo.local,5,Excelente,Excelente. Muy comodo. Recomendable.,approved,True,2025-12-15T16:37:29Z,[]
1325950852,MLA1581814808,high,198444444,Medias Lupo Pilates/yoga Antideslizante Algodón 3286 Pack x3,https://multilupo.com.ar/productos/media-pilates-yoga-antideslizante-algodon-lupo-3286/,Cliente Mercado Libre,ml-review-1325950852@import.lupo.local,4,Muy bueno,Muy bueno. Muy buena y abrigada!.,approved,True,2024-07-10T18:28:27Z,[]
3066829536,MLA1581814808,high,198444444,Medias Lupo Pilates/yoga Antideslizante Algodón 3286 Pack x3,https://multilupo.com.ar/productos/media-pilates-yoga-antideslizante-algodon-lupo-3286/,Cliente Mercado Libre,ml-review-3066829536@import.lupo.local,5,Excelente,Excelente. Cómodas y bonitas.,approved,True,2026-08-11T22:54:14Z,[]
2957350678,MLA1581814808,high,198444444,Medias Lupo Pilates/yoga Antideslizante Algodón 3286 Pack x3,https://multilupo.com.ar/productos/media-pilates-yoga-antideslizante-algodon-lupo-3286/,Cliente Mercado Libre,ml-review-2957350678@import.lupo.local,5,Excelente,Excelente. Muy buena calidad.,approved,True,2026-06-09T19:51:21Z,[]
2903065307,MLA1581814808,high,198444444,Medias Lupo Pilates/yoga Antideslizante Algodón 3286 Pack x3,https://multilupo.com.ar/productos/media-pilates-yoga-antideslizante-algodon-lupo-3286/,Cliente Mercado Libre,ml-review-2903065307@import.lupo.local,5,Excelente,Excelente. Super cómodas.,approved,True,2026-05-17T23:00:45Z,[]
2901164374,MLA1581814808,high,198444444,Medias Lupo Pilates/yoga Antideslizante Algodón 3286 Pack x3,https://multilupo.com.ar/productos/media-pilates-yoga-antideslizante-algodon-lupo-3286/,Cliente Mercado Libre,ml-review-2901164374@import.lupo.local,5,Excelente,Excelente. Muy buen producto.,approved,True,2026-05-11T23:06:59Z,[]
2703839768,MLA836693097,high,198577889,Medias Lupo Microfibra Antideslizante Yoga/pilates/aquagym 3310,https://multilupo.com.ar/productos/media-antideslizante-lupo-yoga-pilates-aquagym-art-3310/,Cliente Mercado Libre,ml-review-2703839768@import.lupo.local,5,Excelente,Excelente. Muy buena calidad no se deforman lavar con agua fría no usar calor de ningún tipo. Son ideales para pilates y yoga tiene muy buen agarre.,approved,True,2026-01-24T03:16:37Z,[]
3047500458,MLA836693097,high,198577889,Medias Lupo Microfibra Antideslizante Yoga/pilates/aquagym 3310,https://multilupo.com.ar/productos/media-antideslizante-lupo-yoga-pilates-aquagym-art-3310/,Cliente Mercado Libre,ml-review-3047500458@import.lupo.local,5,Excelente,"Excelente. Excelente producto , muy buena calidad.",approved,True,2026-08-01T12:34:33Z,[]
2973687683,MLA836693097,high,198577889,Medias Lupo Microfibra Antideslizante Yoga/pilates/aquagym 3310,https://multilupo.com.ar/productos/media-antideslizante-lupo-yoga-pilates-aquagym-art-3310/,Cliente Mercado Libre,ml-review-2973687683@import.lupo.local,4,Muy bueno,"Muy bueno. Qué es excelente!!', el producto!.",approved,True,2026-06-25T00:36:27Z,[]
2973482060,MLA836693097,high,198577889,Medias Lupo Microfibra Antideslizante Yoga/pilates/aquagym 3310,https://multilupo.com.ar/productos/media-antideslizante-lupo-yoga-pilates-aquagym-art-3310/,Cliente Mercado Libre,ml-review-2973482060@import.lupo.local,5,Excelente,Excelente. Muy cómodas para pilares.,approved,True,2026-06-18T22:02:20Z,[]
2935575584,MLA836693097,high,198577889,Medias Lupo Microfibra Antideslizante Yoga/pilates/aquagym 3310,https://multilupo.com.ar/productos/media-antideslizante-lupo-yoga-pilates-aquagym-art-3310/,Cliente Mercado Libre,ml-review-2935575584@import.lupo.local,5,Excelente,Excelente. Tienen muy buen agarre.,approved,True,2026-05-29T17:23:48Z,[]
98290947,MLA755781972,high,349860421,Bombacha Lupo Vedetina Microfibra Sin Costura Mujer,https://multilupo.com.ar/productos/bombacha-vedetina-microfibra-sin-costura-para-mujer-lupo-1j0sw/,Cliente Mercado Libre,ml-review-98290947@import.lupo.local,5,excelente,excelente. Muy buena calidad. El precio tambien muy bueno.,approved,True,2021-03-06T18:30:23Z,[]
89113772,MLA755781972,high,349860421,Bombacha Lupo Vedetina Microfibra Sin Costura Mujer,https://multilupo.com.ar/productos/bombacha-vedetina-microfibra-sin-costura-para-mujer-lupo-1j0sw/,Cliente Mercado Libre,ml-review-89113772@import.lupo.local,5,Excelente,"Excelente. Muy buena calidad, volveré a comprar.",approved,True,2020-12-16T08:52:54Z,[]
83228487,MLA755781972,high,349860421,Bombacha Lupo Vedetina Microfibra Sin Costura Mujer,https://multilupo.com.ar/productos/bombacha-vedetina-microfibra-sin-costura-para-mujer-lupo-1j0sw/,Cliente Mercado Libre,ml-review-83228487@import.lupo.local,5,Duradera. Buenissina calidad,Duradera. Buenissina calidad. Dura em resto de tu vida. Buenissima calidad.,approved,True,2020-10-24T23:12:21Z,[]
73192821,MLA755781972,high,349860421,Bombacha Lupo Vedetina Microfibra Sin Costura Mujer,https://multilupo.com.ar/productos/bombacha-vedetina-microfibra-sin-costura-para-mujer-lupo-1j0sw/,Cliente Mercado Libre,ml-review-73192821@import.lupo.local,4,Son excelentes,Son excelentes. Por lo general compro talles s pero creo que son un poco más chicas.,approved,True,2020-08-05T19:26:24Z,[]
72435218,MLA755781972,high,349860421,Bombacha Lupo Vedetina Microfibra Sin Costura Mujer,https://multilupo.com.ar/productos/bombacha-vedetina-microfibra-sin-costura-para-mujer-lupo-1j0sw/,Cliente Mercado Libre,ml-review-72435218@import.lupo.local,5,Lo seguire comprando,"Lo seguire comprando. Lupo es calidad registrada, en la piel se siente genial y dura mucho tiempo.",approved,True,2020-07-31T07:33:49Z,[]
103792329,MLA2980477494,high,198575347,Faja Lupo Algodón Reductora Modeladora Colaless Sin Costura Mujer,https://multilupo.com.ar/productos/faja-reductora-modeladora-colaless-lupo-sin-costura-41055/,Cliente Mercado Libre,ml-review-103792329@import.lupo.local,4,Muy bueno,"Muy bueno. Excelente producto,contiene super bien desde la parte más baja del abdomen. Super recomendable. No lo recomiendo para post cesárea porque no llega a contener la parte de la herida quirúrgica ya que la parte que ajusta comienza un poco más arriba.",approved,True,2021-04-24T17:23:35Z,[]
87393789,MLA2980477494,high,198575347,Faja Lupo Algodón Reductora Modeladora Colaless Sin Costura Mujer,https://multilupo.com.ar/productos/faja-reductora-modeladora-colaless-lupo-sin-costura-41055/,Cliente Mercado Libre,ml-review-87393789@import.lupo.local,5,Excelente,Excelente. Realmente barbara. Súper comoda para hacer ejercicios o para el dia a dia. La calidad es muy buena termina arriba con silicona para q no se enrolle y la parte de abajo es tipo colales.,approved,True,2020-12-02T07:52:29Z,[]
1362058705,MLA2980477494,high,198575347,Faja Lupo Algodón Reductora Modeladora Colaless Sin Costura Mujer,https://multilupo.com.ar/productos/faja-reductora-modeladora-colaless-lupo-sin-costura-41055/,Cliente Mercado Libre,ml-review-1362058705@import.lupo.local,5,Excelente,"Excelente. Yo en lo personal tengo el torso muy chico y la faja me queda hasta abajo de las lolas (capaz que es así y está bien) pero yo supuse que me quedaba grande, y es el talle más chiquito. Después la calidad muy buena y es de tela tipo morley no me lo esperaba así. Pero me sorprendió para bien la ame.",approved,True,2024-07-26T13:47:42Z,[]
2485358545,MLA2980477494,high,198575347,Faja Lupo Algodón Reductora Modeladora Colaless Sin Costura Mujer,https://multilupo.com.ar/productos/faja-reductora-modeladora-colaless-lupo-sin-costura-41055/,Cliente Mercado Libre,ml-review-2485358545@import.lupo.local,4,Muy bueno,Muy bueno. Muy buena! aunque. Con el tiempo deja de ajustar un poco.,approved,True,2025-11-08T13:12:55Z,[]
1392303008,MLA2980477494,high,198575347,Faja Lupo Algodón Reductora Modeladora Colaless Sin Costura Mujer,https://multilupo.com.ar/productos/faja-reductora-modeladora-colaless-lupo-sin-costura-41055/,Cliente Mercado Libre,ml-review-1392303008@import.lupo.local,5,Excelente,Excelente. Muy bueno el talle es tal cual y la calidad muy buena no se baja yo la uso todo el día es muy comoda.,approved,True,2024-08-07T00:32:05Z,[]
103792329,MLA2982647732,high,198575347,Faja Lupo Algodón Reductora Modeladora Colaless Sin Costura Mujer,https://multilupo.com.ar/productos/faja-reductora-modeladora-colaless-lupo-sin-costura-41055/,Cliente Mercado Libre,ml-review-103792329@import.lupo.local,4,Muy bueno,"Muy bueno. Excelente producto,contiene super bien desde la parte más baja del abdomen. Super recomendable. No lo recomiendo para post cesárea porque no llega a contener la parte de la herida quirúrgica ya que la parte que ajusta comienza un poco más arriba.",approved,True,2021-04-24T17:23:35Z,[]
87393789,MLA2982647732,high,198575347,Faja Lupo Algodón Reductora Modeladora Colaless Sin Costura Mujer,https://multilupo.com.ar/productos/faja-reductora-modeladora-colaless-lupo-sin-costura-41055/,Cliente Mercado Libre,ml-review-87393789@import.lupo.local,5,Excelente,Excelente. Realmente barbara. Súper comoda para hacer ejercicios o para el dia a dia. La calidad es muy buena termina arriba con silicona para q no se enrolle y la parte de abajo es tipo colales.,approved,True,2020-12-02T07:52:29Z,[]
1362058705,MLA2982647732,high,198575347,Faja Lupo Algodón Reductora Modeladora Colaless Sin Costura Mujer,https://multilupo.com.ar/productos/faja-reductora-modeladora-colaless-lupo-sin-costura-41055/,Cliente Mercado Libre,ml-review-1362058705@import.lupo.local,5,Excelente,"Excelente. Yo en lo personal tengo el torso muy chico y la faja me queda hasta abajo de las lolas (capaz que es así y está bien) pero yo supuse que me quedaba grande, y es el talle más chiquito. Después la calidad muy buena y es de tela tipo morley no me lo esperaba así. Pero me sorprendió para bien la ame.",approved,True,2024-07-26T13:47:42Z,[]
2485358545,MLA2982647732,high,198575347,Faja Lupo Algodón Reductora Modeladora Colaless Sin Costura Mujer,https://multilupo.com.ar/productos/faja-reductora-modeladora-colaless-lupo-sin-costura-41055/,Cliente Mercado Libre,ml-review-2485358545@import.lupo.local,4,Muy bueno,Muy bueno. Muy buena! aunque. Con el tiempo deja de ajustar un poco.,approved,True,2025-11-08T13:12:55Z,[]
1392303008,MLA2982647732,high,198575347,Faja Lupo Algodón Reductora Modeladora Colaless Sin Costura Mujer,https://multilupo.com.ar/productos/faja-reductora-modeladora-colaless-lupo-sin-costura-41055/,Cliente Mercado Libre,ml-review-1392303008@import.lupo.local,5,Excelente,Excelente. Muy bueno el talle es tal cual y la calidad muy buena no se baja yo la uso todo el día es muy comoda.,approved,True,2024-08-07T00:32:05Z,[]
103792329,MLA2982647726,high,198575347,Faja Lupo Algodón Reductora Modeladora Colaless Sin Costura Mujer,https://multilupo.com.ar/productos/faja-reductora-modeladora-colaless-lupo-sin-costura-41055/,Cliente Mercado Libre,ml-review-103792329@import.lupo.local,4,Muy bueno,"Muy bueno. Excelente producto,contiene super bien desde la parte más baja del abdomen. Super recomendable. No lo recomiendo para post cesárea porque no llega a contener la parte de la herida quirúrgica ya que la parte que ajusta comienza un poco más arriba.",approved,True,2021-04-24T17:23:35Z,[]
87393789,MLA2982647726,high,198575347,Faja Lupo Algodón Reductora Modeladora Colaless Sin Costura Mujer,https://multilupo.com.ar/productos/faja-reductora-modeladora-colaless-lupo-sin-costura-41055/,Cliente Mercado Libre,ml-review-87393789@import.lupo.local,5,Excelente,Excelente. Realmente barbara. Súper comoda para hacer ejercicios o para el dia a dia. La calidad es muy buena termina arriba con silicona para q no se enrolle y la parte de abajo es tipo colales.,approved,True,2020-12-02T07:52:29Z,[]
1362058705,MLA2982647726,high,198575347,Faja Lupo Algodón Reductora Modeladora Colaless Sin Costura Mujer,https://multilupo.com.ar/productos/faja-reductora-modeladora-colaless-lupo-sin-costura-41055/,Cliente Mercado Libre,ml-review-1362058705@import.lupo.local,5,Excelente,"Excelente. Yo en lo personal tengo el torso muy chico y la faja me queda hasta abajo de las lolas (capaz que es así y está bien) pero yo supuse que me quedaba grande, y es el talle más chiquito. Después la calidad muy buena y es de tela tipo morley no me lo esperaba así. Pero me sorprendió para bien la ame.",approved,True,2024-07-26T13:47:42Z,[]
2485358545,MLA2982647726,high,198575347,Faja Lupo Algodón Reductora Modeladora Colaless Sin Costura Mujer,https://multilupo.com.ar/productos/faja-reductora-modeladora-colaless-lupo-sin-costura-41055/,Cliente Mercado Libre,ml-review-2485358545@import.lupo.local,4,Muy bueno,Muy bueno. Muy buena! aunque. Con el tiempo deja de ajustar un poco.,approved,True,2025-11-08T13:12:55Z,[]
1392303008,MLA2982647726,high,198575347,Faja Lupo Algodón Reductora Modeladora Colaless Sin Costura Mujer,https://multilupo.com.ar/productos/faja-reductora-modeladora-colaless-lupo-sin-costura-41055/,Cliente Mercado Libre,ml-review-1392303008@import.lupo.local,5,Excelente,Excelente. Muy bueno el talle es tal cual y la calidad muy buena no se baja yo la uso todo el día es muy comoda.,approved,True,2024-08-07T00:32:05Z,[]
103792329,MLA3489922506,high,198575347,Faja Lupo Algodón Reductora Modeladora Colaless Sin Costura Mujer,https://multilupo.com.ar/productos/faja-reductora-modeladora-colaless-lupo-sin-costura-41055/,Cliente Mercado Libre,ml-review-103792329@import.lupo.local,4,Muy bueno,"Muy bueno. Excelente producto,contiene super bien desde la parte más baja del abdomen. Super recomendable. No lo recomiendo para post cesárea porque no llega a contener la parte de la herida quirúrgica ya que la parte que ajusta comienza un poco más arriba.",approved,True,2021-04-24T17:23:35Z,[]
87393789,MLA3489922506,high,198575347,Faja Lupo Algodón Reductora Modeladora Colaless Sin Costura Mujer,https://multilupo.com.ar/productos/faja-reductora-modeladora-colaless-lupo-sin-costura-41055/,Cliente Mercado Libre,ml-review-87393789@import.lupo.local,5,Excelente,Excelente. Realmente barbara. Súper comoda para hacer ejercicios o para el dia a dia. La calidad es muy buena termina arriba con silicona para q no se enrolle y la parte de abajo es tipo colales.,approved,True,2020-12-02T07:52:29Z,[]
1362058705,MLA3489922506,high,198575347,Faja Lupo Algodón Reductora Modeladora Colaless Sin Costura Mujer,https://multilupo.com.ar/productos/faja-reductora-modeladora-colaless-lupo-sin-costura-41055/,Cliente Mercado Libre,ml-review-1362058705@import.lupo.local,5,Excelente,"Excelente. Yo en lo personal tengo el torso muy chico y la faja me queda hasta abajo de las lolas (capaz que es así y está bien) pero yo supuse que me quedaba grande, y es el talle más chiquito. Después la calidad muy buena y es de tela tipo morley no me lo esperaba así. Pero me sorprendió para bien la ame.",approved,True,2024-07-26T13:47:42Z,[]
2485358545,MLA3489922506,high,198575347,Faja Lupo Algodón Reductora Modeladora Colaless Sin Costura Mujer,https://multilupo.com.ar/productos/faja-reductora-modeladora-colaless-lupo-sin-costura-41055/,Cliente Mercado Libre,ml-review-2485358545@import.lupo.local,4,Muy bueno,Muy bueno. Muy buena! aunque. Con el tiempo deja de ajustar un poco.,approved,True,2025-11-08T13:12:55Z,[]
1392303008,MLA3489922506,high,198575347,Faja Lupo Algodón Reductora Modeladora Colaless Sin Costura Mujer,https://multilupo.com.ar/productos/faja-reductora-modeladora-colaless-lupo-sin-costura-41055/,Cliente Mercado Libre,ml-review-1392303008@import.lupo.local,5,Excelente,Excelente. Muy bueno el talle es tal cual y la calidad muy buena no se baja yo la uso todo el día es muy comoda.,approved,True,2024-08-07T00:32:05Z,[]
103792329,MLA3385652666,high,198575347,Faja Lupo Algodón Reductora Modeladora Colaless Sin Costura Mujer,https://multilupo.com.ar/productos/faja-reductora-modeladora-colaless-lupo-sin-costura-41055/,Cliente Mercado Libre,ml-review-103792329@import.lupo.local,4,Muy bueno,"Muy bueno. Excelente producto,contiene super bien desde la parte más baja del abdomen. Super recomendable. No lo recomiendo para post cesárea porque no llega a contener la parte de la herida quirúrgica ya que la parte que ajusta comienza un poco más arriba.",approved,True,2021-04-24T17:23:35Z,[]
87393789,MLA3385652666,high,198575347,Faja Lupo Algodón Reductora Modeladora Colaless Sin Costura Mujer,https://multilupo.com.ar/productos/faja-reductora-modeladora-colaless-lupo-sin-costura-41055/,Cliente Mercado Libre,ml-review-87393789@import.lupo.local,5,Excelente,Excelente. Realmente barbara. Súper comoda para hacer ejercicios o para el dia a dia. La calidad es muy buena termina arriba con silicona para q no se enrolle y la parte de abajo es tipo colales.,approved,True,2020-12-02T07:52:29Z,[]
1362058705,MLA3385652666,high,198575347,Faja Lupo Algodón Reductora Modeladora Colaless Sin Costura Mujer,https://multilupo.com.ar/productos/faja-reductora-modeladora-colaless-lupo-sin-costura-41055/,Cliente Mercado Libre,ml-review-1362058705@import.lupo.local,5,Excelente,"Excelente. Yo en lo personal tengo el torso muy chico y la faja me queda hasta abajo de las lolas (capaz que es así y está bien) pero yo supuse que me quedaba grande, y es el talle más chiquito. Después la calidad muy buena y es de tela tipo morley no me lo esperaba así. Pero me sorprendió para bien la ame.",approved,True,2024-07-26T13:47:42Z,[]
2485358545,MLA3385652666,high,198575347,Faja Lupo Algodón Reductora Modeladora Colaless Sin Costura Mujer,https://multilupo.com.ar/productos/faja-reductora-modeladora-colaless-lupo-sin-costura-41055/,Cliente Mercado Libre,ml-review-2485358545@import.lupo.local,4,Muy bueno,Muy bueno. Muy buena! aunque. Con el tiempo deja de ajustar un poco.,approved,True,2025-11-08T13:12:55Z,[]
1392303008,MLA3385652666,high,198575347,Faja Lupo Algodón Reductora Modeladora Colaless Sin Costura Mujer,https://multilupo.com.ar/productos/faja-reductora-modeladora-colaless-lupo-sin-costura-41055/,Cliente Mercado Libre,ml-review-1392303008@import.lupo.local,5,Excelente,Excelente. Muy bueno el talle es tal cual y la calidad muy buena no se baja yo la uso todo el día es muy comoda.,approved,True,2024-08-07T00:32:05Z,[]
1988480545,MLA1812820817,high,198569415,Faja Lupo Modeladora con Pierna Sin Costura Mujer,https://multilupo.com.ar/productos/faja-modeladora-lupo-con-pierna-sin-costura-47120/,Cliente Mercado Libre,ml-review-1988480545@import.lupo.local,5,Excelente,Excelente Producto recomendado.,approved,True,2025-04-15T02:08:46Z,[]
139844019,MLA1812820817,high,198569415,Faja Lupo Modeladora con Pierna Sin Costura Mujer,https://multilupo.com.ar/productos/faja-modeladora-lupo-con-pierna-sin-costura-47120/,Cliente Mercado Libre,ml-review-139844019@import.lupo.local,5,Comprar con confianza. Es hermosa.,"Comprar con confianza. Es hermosa.. La faja es de buena calidad. Ajusta muy bien y no se enrolla. Tiene una silicona que permite un buen ajuste a la piel , se puese usar debajo de un vestido tranquilamente ya que no se marca nada. Tiene una abertura debajo que permite ir al baño sin tener que bajar la faja completa. La super recomiendo.",approved,True,2022-04-10T16:05:10Z,[]
77261020,MLA1812820817,high,198569415,Faja Lupo Modeladora con Pierna Sin Costura Mujer,https://multilupo.com.ar/productos/faja-modeladora-lupo-con-pierna-sin-costura-47120/,Cliente Mercado Libre,ml-review-77261020@import.lupo.local,5,Excelente,"Excelente. Muy cómoda !!! no sé enrolla , la tela muy suave ,compré 2 ,las uso todo el tiempo! me encantó!!.",approved,True,2020-09-04T03:24:05Z,[]
115282987,MLA1812820817,high,198569415,Faja Lupo Modeladora con Pierna Sin Costura Mujer,https://multilupo.com.ar/productos/faja-modeladora-lupo-con-pierna-sin-costura-47120/,Cliente Mercado Libre,ml-review-115282987@import.lupo.local,5,buenisima faja,buenisima faja. Muy cómoda y se queda donde debería estar.,approved,True,2021-08-03T11:39:04Z,[]
77502661,MLA1812820817,high,198569415,Faja Lupo Modeladora con Pierna Sin Costura Mujer,https://multilupo.com.ar/productos/faja-modeladora-lupo-con-pierna-sin-costura-47120/,Cliente Mercado Libre,ml-review-77502661@import.lupo.local,5,Excelente,Excelente. Muy buen producto buena calidad el talle correcto por eso lo volví a comprar lo recomiendo.,approved,True,2020-09-06T05:47:38Z,[]
1988480545,MLA3373457458,medium,198445482,Faja Lupo Microfibra Reductora Short Up-line,https://multilupo.com.ar/productos/faja-reductora-short-up-line-lupo-femenino-art-5690/,Cliente Mercado Libre,ml-review-1988480545@import.lupo.local,5,Excelente,Excelente Producto recomendado.,approved,True,2025-04-15T02:08:46Z,[]
139844019,MLA3373457458,medium,198445482,Faja Lupo Microfibra Reductora Short Up-line,https://multilupo.com.ar/productos/faja-reductora-short-up-line-lupo-femenino-art-5690/,Cliente Mercado Libre,ml-review-139844019@import.lupo.local,5,Comprar con confianza. Es hermosa.,"Comprar con confianza. Es hermosa.. La faja es de buena calidad. Ajusta muy bien y no se enrolla. Tiene una silicona que permite un buen ajuste a la piel , se puese usar debajo de un vestido tranquilamente ya que no se marca nada. Tiene una abertura debajo que permite ir al baño sin tener que bajar la faja completa. La super recomiendo.",approved,True,2022-04-10T16:05:10Z,[]
77261020,MLA3373457458,medium,198445482,Faja Lupo Microfibra Reductora Short Up-line,https://multilupo.com.ar/productos/faja-reductora-short-up-line-lupo-femenino-art-5690/,Cliente Mercado Libre,ml-review-77261020@import.lupo.local,5,Excelente,"Excelente. Muy cómoda !!! no sé enrolla , la tela muy suave ,compré 2 ,las uso todo el tiempo! me encantó!!.",approved,True,2020-09-04T03:24:05Z,[]
115282987,MLA3373457458,medium,198445482,Faja Lupo Microfibra Reductora Short Up-line,https://multilupo.com.ar/productos/faja-reductora-short-up-line-lupo-femenino-art-5690/,Cliente Mercado Libre,ml-review-115282987@import.lupo.local,5,buenisima faja,buenisima faja. Muy cómoda y se queda donde debería estar.,approved,True,2021-08-03T11:39:04Z,[]
77502661,MLA3373457458,medium,198445482,Faja Lupo Microfibra Reductora Short Up-line,https://multilupo.com.ar/productos/faja-reductora-short-up-line-lupo-femenino-art-5690/,Cliente Mercado Libre,ml-review-77502661@import.lupo.local,5,Excelente,Excelente. Muy buen producto buena calidad el talle correcto por eso lo volví a comprar lo recomiendo.,approved,True,2020-09-06T05:47:38Z,[]
820823191,MLA759571274,high,198572245,Faja Lupo Microfibra Reductora Modeladora Mujer,https://multilupo.com.ar/productos/faja-reductora-modeladora-lupo-modelo-47182/,Cliente Mercado Libre,ml-review-820823191@import.lupo.local,5,Excelente,"Excelente. Excelente ! cómoda, fuerte y ajusta. La mejor faja que tuve.",approved,True,2023-11-28T17:03:49Z,[]
91580713,MLA759571274,high,198572245,Faja Lupo Microfibra Reductora Modeladora Mujer,https://multilupo.com.ar/productos/faja-reductora-modeladora-lupo-modelo-47182/,Cliente Mercado Libre,ml-review-91580713@import.lupo.local,5,Y súper cómoda. Ya que soy de piel muy blanca,Y súper cómoda. Ya que soy de piel muy blanca. Excelente lo recibí. Y me la puse enseguida. Genial no se enrolla como otras fajas. Y recoje bastante. Se ve de buen material. Esperemos a ver cuando la lave. Satisfecha con mi compra.,approved,True,2021-01-06T14:55:11Z,[]
2872625217,MLA759571274,high,198572245,Faja Lupo Microfibra Reductora Modeladora Mujer,https://multilupo.com.ar/productos/faja-reductora-modeladora-lupo-modelo-47182/,Cliente Mercado Libre,ml-review-2872625217@import.lupo.local,5,Excelente,Excelente. Excelente.,approved,True,2026-05-02T00:29:37Z,[]
2695997378,MLA759571274,high,198572245,Faja Lupo Microfibra Reductora Modeladora Mujer,https://multilupo.com.ar/productos/faja-reductora-modeladora-lupo-modelo-47182/,Cliente Mercado Libre,ml-review-2695997378@import.lupo.local,5,Excelente,Excelente. Comodidad: respirable y cómoda. Ajuste: muy buen ajuste. E excelente faja cómodo da y buen ajuste.,approved,True,2026-01-20T21:53:50Z,[]
2592641654,MLA759571274,high,198572245,Faja Lupo Microfibra Reductora Modeladora Mujer,https://multilupo.com.ar/productos/faja-reductora-modeladora-lupo-modelo-47182/,Cliente Mercado Libre,ml-review-2592641654@import.lupo.local,5,Excelente,"Excelente. Excelente producto, tamaño exacto.",approved,True,2025-12-09T17:38:31Z,[]
2748506117,MLA767834215,high,198572683,Bombacha Lupo para Embarazada Mujer,https://multilupo.com.ar/productos/bombacha-lupo-para-embarazada-40320/,Cliente Mercado Libre,ml-review-2748506117@import.lupo.local,5,Excelente,Excelente. Excelente.,approved,True,2026-02-21T14:22:31Z,[]
2649672934,MLA767834215,high,198572683,Bombacha Lupo para Embarazada Mujer,https://multilupo.com.ar/productos/bombacha-lupo-para-embarazada-40320/,Cliente Mercado Libre,ml-review-2649672934@import.lupo.local,5,Excelente,Excelente. Genial.,approved,True,2025-12-30T21:47:03Z,[]
754648391,MLA767834215,high,198572683,Bombacha Lupo para Embarazada Mujer,https://multilupo.com.ar/productos/bombacha-lupo-para-embarazada-40320/,Cliente Mercado Libre,ml-review-754648391@import.lupo.local,5,Excelente,"Excelente. Muy buena calidad, muy cómoda.",approved,True,2023-10-30T01:22:04Z,[]
96989817,MLA767834215,high,198572683,Bombacha Lupo para Embarazada Mujer,https://multilupo.com.ar/productos/bombacha-lupo-para-embarazada-40320/,Cliente Mercado Libre,ml-review-96989817@import.lupo.local,4,"Buen producto, recomendable","Buen producto, recomendable. Muy buen producto cumplió con mis expectativas, buena calidad.",approved,True,2021-02-23T13:42:34Z,[]
80798365,MLA767834215,high,198572683,Bombacha Lupo para Embarazada Mujer,https://multilupo.com.ar/productos/bombacha-lupo-para-embarazada-40320/,Cliente Mercado Libre,ml-review-80798365@import.lupo.local,5,Excelente,"Excelente. Excelente. Me costó encontrar ropa interior para embarazada de mi talle, y esta es excelente, lo que buscaba.",approved,True,2020-10-03T16:55:45Z,[]
115238731,MLA1566333081,high,198445482,Faja Lupo Microfibra Reductora Short Up-line,https://multilupo.com.ar/productos/faja-reductora-short-up-line-lupo-femenino-art-5690/,Cliente Mercado Libre,ml-review-115238731@import.lupo.local,5,Excelente,"Excelente. Tenía mis dudas x el talle. Como me lo sugerieron la pedí un talle menos. Muy buena. Buenísima. Llega bien arriba aprieta bien. No ahoga. No se arrolla. No aplasta la cola, hay que colocarse bien. Con paciencia ir acomodando. Es suave. Permite respirar bien. La próxima compro otro talle menos. Super recomendsble.",approved,True,2021-08-02T20:35:39Z,[]
477668766,MLA1566333081,high,198445482,Faja Lupo Microfibra Reductora Short Up-line,https://multilupo.com.ar/productos/faja-reductora-short-up-line-lupo-femenino-art-5690/,Cliente Mercado Libre,ml-review-477668766@import.lupo.local,5,Excelente,"Excelente. Al principio parece que es chico y que no va a entrar ni en 100 años, pero hay que tener paciencia y entra. Es muy cómodo y resistente, moldea bien para los vestidos pegados y considero que no ahoga aunque todavía no lo use toda una noche. Lo recomiendo!.",approved,True,2023-06-29T15:12:06Z,[]
117688238,MLA1566333081,high,198445482,Faja Lupo Microfibra Reductora Short Up-line,https://multilupo.com.ar/productos/faja-reductora-short-up-line-lupo-femenino-art-5690/,Cliente Mercado Libre,ml-review-117688238@import.lupo.local,4,Buena,"Buena. Aún no la uso, se ve de buen material, esperaba que fuera un poco más larga (como la foto) y que apretara o moldeara mejor la figura. En general bien.",approved,True,2021-08-27T18:36:11Z,[]
2528952900,MLA1566333081,high,198445482,Faja Lupo Microfibra Reductora Short Up-line,https://multilupo.com.ar/productos/faja-reductora-short-up-line-lupo-femenino-art-5690/,Cliente Mercado Libre,ml-review-2528952900@import.lupo.local,4,Muy bueno,Muy bueno. Regular se enrrolla.,approved,True,2025-11-18T21:57:29Z,[]
105893800,MLA1566333081,high,198445482,Faja Lupo Microfibra Reductora Short Up-line,https://multilupo.com.ar/productos/faja-reductora-short-up-line-lupo-femenino-art-5690/,Cliente Mercado Libre,ml-review-105893800@import.lupo.local,4,Muy bueno,Muy bueno. Una prenda de buena calidad y cumple todas mis espectativas la recomiendo un 100%.,approved,True,2021-05-13T10:07:27Z,[]
115238731,MLA1566345731,high,198445482,Faja Lupo Microfibra Reductora Short Up-line,https://multilupo.com.ar/productos/faja-reductora-short-up-line-lupo-femenino-art-5690/,Cliente Mercado Libre,ml-review-115238731@import.lupo.local,5,Excelente,"Excelente. Tenía mis dudas x el talle. Como me lo sugerieron la pedí un talle menos. Muy buena. Buenísima. Llega bien arriba aprieta bien. No ahoga. No se arrolla. No aplasta la cola, hay que colocarse bien. Con paciencia ir acomodando. Es suave. Permite respirar bien. La próxima compro otro talle menos. Super recomendsble.",approved,True,2021-08-02T20:35:39Z,[]
477668766,MLA1566345731,high,198445482,Faja Lupo Microfibra Reductora Short Up-line,https://multilupo.com.ar/productos/faja-reductora-short-up-line-lupo-femenino-art-5690/,Cliente Mercado Libre,ml-review-477668766@import.lupo.local,5,Excelente,"Excelente. Al principio parece que es chico y que no va a entrar ni en 100 años, pero hay que tener paciencia y entra. Es muy cómodo y resistente, moldea bien para los vestidos pegados y considero que no ahoga aunque todavía no lo use toda una noche. Lo recomiendo!.",approved,True,2023-06-29T15:12:06Z,[]
117688238,MLA1566345731,high,198445482,Faja Lupo Microfibra Reductora Short Up-line,https://multilupo.com.ar/productos/faja-reductora-short-up-line-lupo-femenino-art-5690/,Cliente Mercado Libre,ml-review-117688238@import.lupo.local,4,Buena,"Buena. Aún no la uso, se ve de buen material, esperaba que fuera un poco más larga (como la foto) y que apretara o moldeara mejor la figura. En general bien.",approved,True,2021-08-27T18:36:11Z,[]
2528952900,MLA1566345731,high,198445482,Faja Lupo Microfibra Reductora Short Up-line,https://multilupo.com.ar/productos/faja-reductora-short-up-line-lupo-femenino-art-5690/,Cliente Mercado Libre,ml-review-2528952900@import.lupo.local,4,Muy bueno,Muy bueno. Regular se enrrolla.,approved,True,2025-11-18T21:57:29Z,[]
105893800,MLA1566345731,high,198445482,Faja Lupo Microfibra Reductora Short Up-line,https://multilupo.com.ar/productos/faja-reductora-short-up-line-lupo-femenino-art-5690/,Cliente Mercado Libre,ml-review-105893800@import.lupo.local,4,Muy bueno,Muy bueno. Una prenda de buena calidad y cumple todas mis espectativas la recomiendo un 100%.,approved,True,2021-05-13T10:07:27Z,[]
115238731,MLA1566177301,high,198445482,Faja Lupo Microfibra Reductora Short Up-line,https://multilupo.com.ar/productos/faja-reductora-short-up-line-lupo-femenino-art-5690/,Cliente Mercado Libre,ml-review-115238731@import.lupo.local,5,Excelente,"Excelente. Tenía mis dudas x el talle. Como me lo sugerieron la pedí un talle menos. Muy buena. Buenísima. Llega bien arriba aprieta bien. No ahoga. No se arrolla. No aplasta la cola, hay que colocarse bien. Con paciencia ir acomodando. Es suave. Permite respirar bien. La próxima compro otro talle menos. Super recomendsble.",approved,True,2021-08-02T20:35:39Z,[]
477668766,MLA1566177301,high,198445482,Faja Lupo Microfibra Reductora Short Up-line,https://multilupo.com.ar/productos/faja-reductora-short-up-line-lupo-femenino-art-5690/,Cliente Mercado Libre,ml-review-477668766@import.lupo.local,5,Excelente,"Excelente. Al principio parece que es chico y que no va a entrar ni en 100 años, pero hay que tener paciencia y entra. Es muy cómodo y resistente, moldea bien para los vestidos pegados y considero que no ahoga aunque todavía no lo use toda una noche. Lo recomiendo!.",approved,True,2023-06-29T15:12:06Z,[]
117688238,MLA1566177301,high,198445482,Faja Lupo Microfibra Reductora Short Up-line,https://multilupo.com.ar/productos/faja-reductora-short-up-line-lupo-femenino-art-5690/,Cliente Mercado Libre,ml-review-117688238@import.lupo.local,4,Buena,"Buena. Aún no la uso, se ve de buen material, esperaba que fuera un poco más larga (como la foto) y que apretara o moldeara mejor la figura. En general bien.",approved,True,2021-08-27T18:36:11Z,[]
2528952900,MLA1566177301,high,198445482,Faja Lupo Microfibra Reductora Short Up-line,https://multilupo.com.ar/productos/faja-reductora-short-up-line-lupo-femenino-art-5690/,Cliente Mercado Libre,ml-review-2528952900@import.lupo.local,4,Muy bueno,Muy bueno. Regular se enrrolla.,approved,True,2025-11-18T21:57:29Z,[]
105893800,MLA1566177301,high,198445482,Faja Lupo Microfibra Reductora Short Up-line,https://multilupo.com.ar/productos/faja-reductora-short-up-line-lupo-femenino-art-5690/,Cliente Mercado Libre,ml-review-105893800@import.lupo.local,4,Muy bueno,Muy bueno. Una prenda de buena calidad y cumple todas mis espectativas la recomiendo un 100%.,approved,True,2021-05-13T10:07:27Z,[]
115238731,MLA1566242159,high,198445482,Faja Lupo Microfibra Reductora Short Up-line,https://multilupo.com.ar/productos/faja-reductora-short-up-line-lupo-femenino-art-5690/,Cliente Mercado Libre,ml-review-115238731@import.lupo.local,5,Excelente,"Excelente. Tenía mis dudas x el talle. Como me lo sugerieron la pedí un talle menos. Muy buena. Buenísima. Llega bien arriba aprieta bien. No ahoga. No se arrolla. No aplasta la cola, hay que colocarse bien. Con paciencia ir acomodando. Es suave. Permite respirar bien. La próxima compro otro talle menos. Super recomendsble.",approved,True,2021-08-02T20:35:39Z,[]
477668766,MLA1566242159,high,198445482,Faja Lupo Microfibra Reductora Short Up-line,https://multilupo.com.ar/productos/faja-reductora-short-up-line-lupo-femenino-art-5690/,Cliente Mercado Libre,ml-review-477668766@import.lupo.local,5,Excelente,"Excelente. Al principio parece que es chico y que no va a entrar ni en 100 años, pero hay que tener paciencia y entra. Es muy cómodo y resistente, moldea bien para los vestidos pegados y considero que no ahoga aunque todavía no lo use toda una noche. Lo recomiendo!.",approved,True,2023-06-29T15:12:06Z,[]
117688238,MLA1566242159,high,198445482,Faja Lupo Microfibra Reductora Short Up-line,https://multilupo.com.ar/productos/faja-reductora-short-up-line-lupo-femenino-art-5690/,Cliente Mercado Libre,ml-review-117688238@import.lupo.local,4,Buena,"Buena. Aún no la uso, se ve de buen material, esperaba que fuera un poco más larga (como la foto) y que apretara o moldeara mejor la figura. En general bien.",approved,True,2021-08-27T18:36:11Z,[]
2528952900,MLA1566242159,high,198445482,Faja Lupo Microfibra Reductora Short Up-line,https://multilupo.com.ar/productos/faja-reductora-short-up-line-lupo-femenino-art-5690/,Cliente Mercado Libre,ml-review-2528952900@import.lupo.local,4,Muy bueno,Muy bueno. Regular se enrrolla.,approved,True,2025-11-18T21:57:29Z,[]
105893800,MLA1566242159,high,198445482,Faja Lupo Microfibra Reductora Short Up-line,https://multilupo.com.ar/productos/faja-reductora-short-up-line-lupo-femenino-art-5690/,Cliente Mercado Libre,ml-review-105893800@import.lupo.local,4,Muy bueno,Muy bueno. Una prenda de buena calidad y cumple todas mis espectativas la recomiendo un 100%.,approved,True,2021-05-13T10:07:27Z,[]
308967281,MLA646608837,high,198445921,Bermuda Lupo Microfibra Up Line,https://multilupo.com.ar/productos/bermuda-lupo-up-line-femenina-art-5695/,Cliente Mercado Libre,ml-review-308967281@import.lupo.local,5,Excelente,"Excelente. El producto me pareció muy bueno. Lo compré para usarlo debajo de vestidos y la verdad que cumple muy bien esa función. No se corre, no se enrolla ni nada. Tampoco es caluroso. Seguramente me compre otro próximamente.",approved,True,2022-12-02T22:14:36Z,[]
1691401982,MLA646608837,high,198445921,Bermuda Lupo Microfibra Up Line,https://multilupo.com.ar/productos/bermuda-lupo-up-line-femenina-art-5695/,Cliente Mercado Libre,ml-review-1691401982@import.lupo.local,5,Excelente,"Excelente. Uso esta marca hace mas de 20 años y los amo, adelgazo y engordo y siempre me han ayudado a reducir panza y ocultar la celulitis que tanto me molesta cuando uso pantalones ajustados o ropa clara, super recomendable.",approved,True,2024-12-10T19:03:21Z,[]
2910691072,MLA646608837,high,198445921,Bermuda Lupo Microfibra Up Line,https://multilupo.com.ar/productos/bermuda-lupo-up-line-femenina-art-5695/,Cliente Mercado Libre,ml-review-2910691072@import.lupo.local,5,Excelente,"Excelente. Cómodo y fresco, no sé siente cuando lo tenes puesto, tuve uno de lupo que me duró muchísimos años, vamos a ver este, que es de loba.",approved,True,2026-05-16T14:10:48Z,[]
3026205447,MLA646608837,high,198445921,Bermuda Lupo Microfibra Up Line,https://multilupo.com.ar/productos/bermuda-lupo-up-line-femenina-art-5695/,Cliente Mercado Libre,ml-review-3026205447@import.lupo.local,5,Excelente,Excelente. Muy buen calce y las medidas corresponden.,approved,True,2026-07-26T02:48:08Z,[]
2916296298,MLA646608837,high,198445921,Bermuda Lupo Microfibra Up Line,https://multilupo.com.ar/productos/bermuda-lupo-up-line-femenina-art-5695/,Cliente Mercado Libre,ml-review-2916296298@import.lupo.local,4,Muy bueno,Muy bueno. Calce: cómodo. Material: bueno. Es de buena calidad pero yo me guié por la opinión de los usuarios en cuanto a el talle y me quedó chica pero fue un error mío.,approved,True,2026-05-19T16:52:36Z,[]
1966469411,MLA1422928738,high,198442312,Slip Lupo de Algodón,https://multilupo.com.ar/productos/slip-de-algodon-lupo-modelo-524-002/,Cliente Mercado Libre,ml-review-1966469411@import.lupo.local,5,Excelente,Excelente. Excelente.,approved,True,2025-04-04T20:37:26Z,[]
1841255481,MLA1422928738,high,198442312,Slip Lupo de Algodón,https://multilupo.com.ar/productos/slip-de-algodon-lupo-modelo-524-002/,Cliente Mercado Libre,ml-review-1841255481@import.lupo.local,4,Muy bueno,"Muy bueno. Ya había comprado anteriormente el modelo 691 de microfibra, siendo talle 44/46 de pantalon y comprando normalmente talles 4/l de ropa interior de acá, elegí un talle g, sentí que el tiro era medio, y como a mi gusta más corto, para este modelo de algodon elegí un talle m, pero el material no cede como la microfibra y me quedó chico. Salvo por ello, la calidad es la de lupo.",approved,True,2025-02-09T20:15:59Z,[]
1581969888,MLA1422928738,high,198442312,Slip Lupo de Algodón,https://multilupo.com.ar/productos/slip-de-algodon-lupo-modelo-524-002/,Cliente Mercado Libre,ml-review-1581969888@import.lupo.local,5,Excelente,Excelente. Costo beneficio en calidad.,approved,True,2024-10-28T21:17:57Z,[]
1489024376,MLA1422928738,high,198442312,Slip Lupo de Algodón,https://multilupo.com.ar/productos/slip-de-algodon-lupo-modelo-524-002/,Cliente Mercado Libre,ml-review-1489024376@import.lupo.local,5,Excelente,Excelente. Excelente 👌.,approved,True,2024-09-18T02:10:19Z,[]
883949407,MLA1422928738,high,198442312,Slip Lupo de Algodón,https://multilupo.com.ar/productos/slip-de-algodon-lupo-modelo-524-002/,Cliente Mercado Libre,ml-review-883949407@import.lupo.local,5,Excelente,Excelente. Bueno.,approved,True,2023-12-23T13:31:36Z,[]
105500690,MLA646610768,high,198566571,Bermuda Lupo Microfibra Slim Reductora Alta,https://multilupo.com.ar/productos/bermuda-slim-reductora-alta-lupo-art-5696/,Cliente Mercado Libre,ml-review-105500690@import.lupo.local,5,MUY BUENA,MUY BUENA. Muy buena calidad. Me sirve mucho para reducir unos kilitos.,approved,True,2021-05-10T11:20:42Z,[]
48838856,MLA646610768,high,198566571,Bermuda Lupo Microfibra Slim Reductora Alta,https://multilupo.com.ar/productos/bermuda-slim-reductora-alta-lupo-art-5696/,Cliente Mercado Libre,ml-review-48838856@import.lupo.local,5,muy buena!,muy buena!. Super comoda!!!! y de muy buena calidad!.,approved,True,2019-11-08T22:27:41Z,[]
45685770,MLA646610768,high,198566571,Bermuda Lupo Microfibra Slim Reductora Alta,https://multilupo.com.ar/productos/bermuda-slim-reductora-alta-lupo-art-5696/,Cliente Mercado Libre,ml-review-45685770@import.lupo.local,3,Volvería a comprar a este vendedor,Volvería a comprar a este vendedor. No es exactamente el que creía estar comprando pero igual cumple su función y la calidad es muy buena.,approved,True,2019-09-11T08:40:00Z,[]
66732440,MLA851837686,high,198578993,Medias Lupo Algodón 3235-02,https://multilupo.com.ar/productos/media-algodon-lupo-modelo-3235-02/,Cliente Mercado Libre,ml-review-66732440@import.lupo.local,4,No merecen 5 puntos,"No merecen 5 puntos. No me parecen medias de 5 puntos, el tejido tiende a estirarse y deformarse, esto se nota aún cuando tienen todavía muy poco uso, de cualquier modo son mejores que otras que he probado. Seguiré buscando alternativas.",approved,True,2020-06-20T13:25:17Z,[]
1283276848,MLA851837686,high,198578993,Medias Lupo Algodón 3235-02,https://multilupo.com.ar/productos/media-algodon-lupo-modelo-3235-02/,Cliente Mercado Libre,ml-review-1283276848@import.lupo.local,3,Bueno,"Bueno. De. Mascado gruesas, imposibles usarlas con zapatos e incómodas con zapatillas.",approved,True,2024-06-22T23:55:57Z,[]
77502661,MLA788183890,high,198569415,Faja Lupo Modeladora con Pierna Sin Costura Mujer,https://multilupo.com.ar/productos/faja-modeladora-lupo-con-pierna-sin-costura-47120/,Cliente Mercado Libre,ml-review-77502661@import.lupo.local,5,Excelente,Excelente. Muy buen producto buena calidad el talle correcto por eso lo volví a comprar lo recomiendo.,approved,True,2020-09-06T05:47:38Z,[]
3015205982,MLA788183890,high,198569415,Faja Lupo Modeladora con Pierna Sin Costura Mujer,https://multilupo.com.ar/productos/faja-modeladora-lupo-con-pierna-sin-costura-47120/,Cliente Mercado Libre,ml-review-3015205982@import.lupo.local,5,Excelente,Excelente. Muy buena.,approved,True,2026-07-14T01:48:19Z,[]
2954019793,MLA788183890,high,198569415,Faja Lupo Modeladora con Pierna Sin Costura Mujer,https://multilupo.com.ar/productos/faja-modeladora-lupo-con-pierna-sin-costura-47120/,Cliente Mercado Libre,ml-review-2954019793@import.lupo.local,5,Excelente,Excelente. Buena y suave. Cede y modela.,approved,True,2026-06-13T17:53:02Z,[]
2939264589,MLA788183890,high,198569415,Faja Lupo Modeladora con Pierna Sin Costura Mujer,https://multilupo.com.ar/productos/faja-modeladora-lupo-con-pierna-sin-costura-47120/,Cliente Mercado Libre,ml-review-2939264589@import.lupo.local,5,Excelente,Excelente. Excelente calse.,approved,True,2026-06-05T14:05:16Z,[]
2922511179,MLA788183890,high,198569415,Faja Lupo Modeladora con Pierna Sin Costura Mujer,https://multilupo.com.ar/productos/faja-modeladora-lupo-con-pierna-sin-costura-47120/,Cliente Mercado Libre,ml-review-2922511179@import.lupo.local,2,Malo,"Malo. Ajuste: se enrollan muchisimo. Compresión: cortan la circulación. Son malisimas, compre xl y no me entro ni en una pierna, tuve que tirarlas porque no servian, super finas.",approved,True,2026-05-28T13:26:40Z,[]
